"cas","name","group","hpv","deduct2","who report","tedx","edcs databank","presence"
"CAS:142-47-2","Monosodium glutamate","Group-I","1","1","1","1","0","L6,L8,L9,L12"
"CAS:7681-49-4","Sodium fluoride","Group-I","1","1","1","1","0","L6,L8,L12"
"CAS:59-50-7","Chlorocresol","Group-I","1","1","0","1","1","L4,L12,L13,L14,L15"
"CAS:74-31-7","N,N'-Diphenyl-4-phenylenediamine","Group-I","1","1","0","1","1","L6,L12"
"CAS:92-88-6","4,4'-Dihydroxybiphenyl","Group-I","1","1","0","1","1","L11,L12"
"CAS:99-71-8","4-sec-Butylphenol","Group-I","1","1","0","1","1","L2"
"CAS:99-96-7","4-Hydroxybenzoic acid","Group-I","1","1","0","1","1","L4,L8,L9,L10,L11,L12,L13"
"CAS:10024-97-2","Nitrogen oxide","Group-I","1","1","0","1","0","L6,L8,L9,L12"
"CAS:104-55-2","Cinnamaldehyde","Group-I","1","1","0","1","0","L2,L6,L8,L9,L10,L12,L14,L15"
"CAS:105-59-9","N-Methyldiethanolamine","Group-I","1","1","0","1","0","L2,L12"
"CAS:118-58-1","Benzyl salicylate","Group-I","1","1","0","1","0","L2,L6,L8,L9,L10,L12,L17"
"CAS:12125-02-9","Ammonium chloride","Group-I","1","1","0","1","0","L6,L8,L9,L10,L12,L13,L15"
"CAS:123-30-8","p-Aminophenol","Group-I","1","1","0","1","0","L6,L8"
"CAS:123-38-6","Propionaldehyde","Group-I","1","1","0","1","0","L2,L8,L9,L10,L11,L12,L13"
"CAS:1317-35-7","Manganese oxide","Group-I","1","1","0","1","0","L6"
"CAS:1344-09-8","Sodium silicate","Group-I","1","1","0","1","0","L6,L8,L12,L13,L15,L17"
"CAS:136-23-2","Zinc, bis(dibutyldithiocarbamato)-","Group-I","1","1","0","1","0","L6,L12,L13"
"CAS:1910-42-5","Paraquat dichloride","Group-I","1","1","0","1","0","L8"
"CAS:7440-44-0","Carbon","Group-I","1","1","0","1","0","L6,L9"
"CAS:7632-00-0","Sodium nitrite","Group-I","1","1","0","1","0","L6,L8,L9,L11,L12,L13"
"CAS:7646-85-7","Zinc chloride","Group-I","1","1","0","1","0","L6,L8,L12,L15"
"CAS:7647-15-6","Sodium bromide","Group-I","1","1","0","1","0","L6,L11,L12,L13"
"CAS:7733-02-0","Zinc Sulfate","Group-I","1","1","0","1","0","L6,L8,L12"
"CAS:9000-11-7","Carmellose","Group-I","1","1","0","1","0","L6,L9,L11,L12,L13,L15"
"CAS:105-08-8","1,4-Cyclohexanedimethanol","Group-I","1","1","0","0","0","L11,L12,L13"
"CAS:1313-82-2","Sodium sulfide","Group-I","1","1","0","0","0","L6,L7,L8,L11,L12,L13"
"CAS:15687-27-1","Ibuprofen","Group-I","1","1","0","0","0","L6,L8"
"CAS:1948-33-0","t-Butyl hydroquinone","Group-I","1","1","0","0","0","L2,L6,L8,L9,L12,L13,L15"
"CAS:22204-53-1","Naproxen","Group-I","1","1","0","0","0","L8"
"CAS:50-81-7","Ascorbic acid","Group-I","1","1","0","0","0","L2,L6,L8,L9,L11,L12,L13,L15,L17"
"CAS:77-90-7","Acetyl tributyl citrate","Group-I","1","1","0","0","0","L2,L6,L8,L9,L10,L11,L12,L13,L15"
"CAS:120-36-5","Dichlorprop","Group-I","1","0","0","1","1","L6"
"CAS:123-07-9","4-Ethylphenol","Group-I","1","0","0","1","1","L2,L8,L9,L10,L12"
"CAS:21145-77-7","Tonalide","Group-I","1","0","0","1","1","L2,L6"
"CAS:620-17-7","3-Ethylphenol","Group-I","1","0","0","1","1","L2,L8,L10,L12"
"CAS:90-15-3","1-Naphthol","Group-I","1","0","0","1","1","L6,L8"
"CAS:93-65-2","Mecoprop","Group-I","1","0","0","1","1","L6"
"CAS:1085-98-9","Dichlofluanid","Group-I","1","0","0","1","0","L14"
"CAS:109-89-7","Diethylamine","Group-I","1","0","0","1","0","L8,L12,L13"
"CAS:112-27-6","Triethylene glycol","Group-I","1","0","0","1","0","L2,L6,L11,L12,L13"
"CAS:119-36-8","Methyl salicylate","Group-I","1","0","0","1","0","L2,L6,L8,L9,L10,L11,L12,L13,L15"
"CAS:119-47-1","p-Cresol, 2,2'-methylenebis(6-tert- butyl-","Group-I","1","0","0","1","0","L2,L11,L12,L13"
"CAS:12108-13-3","Methylcymantrene","Group-I","1","0","0","1","0","L6"
"CAS:124-07-2","Octanoic acid","Group-I","1","0","0","1","0","L2,L8,L9,L10,L11,L12,L13,L14,L17"
"CAS:131-17-9","Diallyl phthalate","Group-I","1","0","0","1","0","L11,L12,L13"
"CAS:1314-13-2","Zinc oxide","Group-I","1","0","0","1","0","L2,L3,L5,L6,L7,L8,L11,L12,L13,L15"
"CAS:144-55-8","Sodium bicarbonate","Group-I","1","0","0","1","0","L2,L6,L8,L9,L12,L13,L15,L17"
"CAS:3319-31-1","Tris(2-ethylhexyl) trimellitate","Group-I","1","0","0","1","0","L13"
"CAS:55406-53-6","3-Iodo-2-propynylbutylcarbamate","Group-I","1","0","0","1","0","L4,L6,L12,L13,L14"
"CAS:57-50-1","Sucrose","Group-I","1","0","0","1","0","L2,L6,L8,L11,L12,L13,L15,L17"
"CAS:599-64-4","Phenol, 4-(1-methyl-1-phenethyl)-","Group-I","1","0","0","1","0","L11,L12"
"CAS:6362-80-7","4-Methyl-2,4-diphenyl-1-pentene","Group-I","1","0","0","1","0","L12"
"CAS:68-11-1","Mercaptoacetic acid","Group-I","1","0","0","1","0","L6"
"CAS:7447-40-7","Potassium chloride","Group-I","1","0","0","1","0","L6,L8,L9,L12,L15,L17"
"CAS:7447-41-8","Lithium chloride","Group-I","1","0","0","1","0","L6"
"CAS:7631-95-0","Sodium molybdate(VI)","Group-I","1","0","0","1","0","L6"
"CAS:7761-88-8","Silver nitrate","Group-I","1","0","0","1","0","L12,L14"
"CAS:7786-30-3","Magnesium chloride anhydrous","Group-I","1","0","0","1","0","L2,L6,L8,L12,L13,L17"
"CAS:8008-20-6","Kerosene","Group-I","1","0","0","1","0","L12"
"CAS:89-72-5","2-sec-Butylphenol","Group-I","1","0","0","1","0","L2"
"CAS:96-69-5","Santonox","Group-I","1","0","0","1","0","L11,L12,L13"
"CAS:25311-71-1","Isofenphos","Group-I","1","0","0","0","1","L8"
"CAS:65-85-0","Benzoic acid","Group-I","1","0","0","0","1","L2,L4,L6,L7,L8,L9,L10,L11,L12,L13,L14,L15,L17"
"CAS:17924-92-4","Zearalenone","Group-I","0","1","1","1","1","L8,L9"
"CAS:40487-42-1","Pendimethalin","Group-I","0","1","1","1","1","L6,L16"
"CAS:446-72-0","Genistein","Group-I","0","1","1","1","1","L8,L12"
"CAS:479-13-0","Coumestrol","Group-I","0","1","1","1","1","L8"
"CAS:486-66-8","Daidzein","Group-I","0","1","1","1","1","L8,L12"
"CAS:59080-40-9","2,4,5,2',4',5'-Hexabromobiphenyl","Group-I","0","1","1","1","1","L9"
"CAS:95737-68-1","Pyriproxyfen","Group-I","0","1","1","0","1","L6,L14"
"CAS:22967-92-6","Methylmercury","Group-I","0","1","1","0","0","L9"
"CAS:50-02-2","Dexamethasone","Group-I","0","1","1","0","0","L8,L9"
"CAS:59729-33-8","Citalopram","Group-I","0","1","1","0","0","L8"
"CAS:79617-96-2","Sertraline","Group-I","0","1","1","0","0","L8"
"CAS:98319-26-7","Finasteride","Group-I","0","1","1","0","0","L8"
"CAS:1131-60-8","4-Cyclohexylphenol","Group-I","0","1","0","1","1","L12"
"CAS:118-55-8","Phenyl salicylate","Group-I","0","1","0","1","1","L2,L8,L9,L10,L12"
"CAS:118-56-9","Homosalate","Group-I","0","1","0","1","1","L2,L5,L6"
"CAS:131341-86-1","Fludioxonil","Group-I","0","1","0","1","1","L14"
"CAS:13241-28-6","Pulmatin","Group-I","0","1","0","1","1","L8"
"CAS:13593-03-8","Quinalphos","Group-I","0","1","0","1","1","L16"
"CAS:136-77-6","Hexylresorcinol","Group-I","0","1","0","1","1","L8,L9"
"CAS:141-28-6","Diethyl adipate","Group-I","0","1","0","1","1","L2,L10"
"CAS:143-74-8","Phenolsulfonphthalein","Group-I","0","1","0","1","1","L6,L12"
"CAS:23593-75-1","Clotrimazole","Group-I","0","1","0","1","1","L6,L8"
"CAS:36455-72-8","alpha-Zearalenol","Group-I","0","1","0","1","1","L9"
"CAS:41198-08-7","Profenofos","Group-I","0","1","0","1","1","L16"
"CAS:480-41-1","Naringenin","Group-I","0","1","0","1","1","L8"
"CAS:481-74-3","Chrysophanic acid","Group-I","0","1","0","1","1","L8"
"CAS:491-70-3","Luteolin","Group-I","0","1","0","1","1","L8"
"CAS:491-80-5","Biochanin A","Group-I","0","1","0","1","1","L8"
"CAS:500-38-9","Nordihydroguaiaretic acid","Group-I","0","1","0","1","1","L8,L9"
"CAS:518-82-1","Emodin","Group-I","0","1","0","1","1","L8"
"CAS:520-36-5","Apigenin","Group-I","0","1","0","1","1","L8"
"CAS:60-82-2","Phloretin","Group-I","0","1","0","1","1","L8,L9,L10,L12"
"CAS:608-25-3","2-Methylresorcinol","Group-I","0","1","0","1","1","L6"
"CAS:92-69-3","4-Phenylphenol","Group-I","0","1","0","1","1","L12"
"CAS:135410-20-7","Acetamiprid","Group-I","0","1","0","1","0","L14"
"CAS:153719-23-4","Thiamethoxam","Group-I","0","1","0","1","0","L6,L14,L16"
"CAS:18964-53-9","2,4,6-Triphenyl-1-hexene","Group-I","0","1","0","1","0","L8"
"CAS:302-04-5","Thiocyanate","Group-I","0","1","0","1","0","L8"
"CAS:367-51-1","Sodium thioglycolate","Group-I","0","1","0","1","0","L6"
"CAS:38641-94-0","Glyphosate-isopropylammonium","Group-I","0","1","0","1","0","L6"
"CAS:439680-76-9","Kappa-Bifenthrin","Group-I","0","1","0","1","0","L6"
"CAS:480-19-3","3-Methylquercetin","Group-I","0","1","0","1","0","L8"
"CAS:50512-35-1","Isoprothiolane","Group-I","0","1","0","1","0","L8"
"CAS:531-95-3","Equol","Group-I","0","1","0","1","0","L8"
"CAS:557-34-6","Zinc acetate","Group-I","0","1","0","1","0","L6,L8,L12"
"CAS:7773-01-5","Manganese chloride","Group-I","0","1","0","1","0","L8,L11"
"CAS:7778-74-7","Potassium perchlorate","Group-I","0","1","0","1","0","L6,L12"
"CAS:85-60-9","Santowhite powder","Group-I","0","1","0","1","0","L12,L13"
"CAS:85-70-1","Butyl glycolyl butyl phthalate","Group-I","0","1","0","1","0","L12"
"CAS:9005-65-6","PEG-3 Sorbitan oleate","Group-I","0","1","0","1","0","L2,L6,L8,L9,L11,L12,L13,L15,L17"
"CAS:21245-02-3","Padimate-O","Group-I","0","1","0","0","1","L5,L6,L13"
"CAS:480-40-0","Chrysin","Group-I","0","1","0","0","1","L8"
"CAS:1162-65-8","Aflatoxin B1","Group-I","0","1","0","0","0","L8"
"CAS:119141-88-7","1H-Benzimidazole, 5-methoxy-2-((S)-((4-methoxy-3,5-dimethyl-2- pyridinyl)methyl)sulfinyl)-","Group-I","0","1","0","0","0","L8"
"CAS:128196-01-0","Escitalopram","Group-I","0","1","0","0","0","L8"
"CAS:139755-83-2","Sildenafil","Group-I","0","1","0","0","0","L8"
"CAS:15502-74-6","Arsenite","Group-I","0","1","0","0","0","L8"
"CAS:166412-78-8","Diisononyl hexahydrophthalate","Group-I","0","1","0","0","0","L11,L13"
"CAS:22916-47-8","Miconazole","Group-I","0","1","0","0","0","L6"
"CAS:26538-44-3","Zeranol","Group-I","0","1","0","0","0","L8,L9"
"CAS:3248-91-7","Basic Violet 2","Group-I","0","1","0","0","0","L3"
"CAS:485-72-3","Formononetin","Group-I","0","1","0","0","0","L8"
"CAS:501-36-0","Resveratrol","Group-I","0","1","0","0","0","L8,L12"
"CAS:504-88-1","3-Nitropropionic acid","Group-I","0","1","0","0","0","L8"
"CAS:51481-10-8","Deoxynivalenol","Group-I","0","1","0","0","0","L8,L9"
"CAS:520-85-4","Medroxyprogesterone","Group-I","0","1","0","0","0","L8"
"CAS:529-44-2","Myricetin","Group-I","0","1","0","0","0","L8"
"CAS:529-59-9","Genistin","Group-I","0","1","0","0","0","L8,L12"
"CAS:54-64-8","Thimerosal","Group-I","0","1","0","0","0","L4,L15"
"CAS:5495-84-1","2-(Propan-2-yl)-9H-thioxanthen-9-one","Group-I","0","1","0","0","0","L13"
"CAS:57-27-2","Morphine","Group-I","0","1","0","0","0","L8"
"CAS:57-62-5","Chlortetracycline","Group-I","0","1","0","0","0","L9"
"CAS:583-39-1","2-Benzimidazolethiol","Group-I","0","1","0","0","0","L13"
"CAS:598-02-7","Diethyl hydrogen phosphate","Group-I","0","1","0","0","0","L8"
"CAS:606-28-0","Methyl 2-benzoylbenzoate","Group-I","0","1","0","0","0","L13"
"CAS:61949-76-6","Permethrin, cis-","Group-I","0","1","0","0","0","L6"
"CAS:641-38-3","Alternariol","Group-I","0","1","0","0","0","L8"
"CAS:700-06-1","Indole-3-carbinol","Group-I","0","1","0","0","0","L8"
"CAS:72-14-0","Sulfathiazole","Group-I","0","1","0","0","0","L9"
"CAS:7440-05-3","Palladium","Group-I","0","1","0","0","0","L8"
"CAS:79-57-2","Oxytetracycline","Group-I","0","1","0","0","0","L8,L9"
"CAS:79902-63-9","Simvastatin","Group-I","0","1","0","0","0","L8"
"CAS:83-46-5","Beta-Sitosterol","Group-I","0","1","0","0","0","L8,L12"
"CAS:83846-86-0","4-Isopropyl-9H-thioxanthen-9-one","Group-I","0","1","0","0","0","L13"
"CAS:906-33-2","5-Caffeylquinic acid","Group-I","0","1","0","0","0","L8"
"CAS:947-19-3","Hydroxycyclohexyl phenyl ketone","Group-I","0","1","0","0","0","L6"
"CAS:980-21-2","Dityrosine","Group-I","0","1","0","0","0","L8"
"CAS:99-66-1","Valproic acid","Group-I","0","1","0","0","0","L8"
"CAS:117718-60-2","Thiazopyr","Group-I","0","0","1","1","1","L8"
"CAS:29091-21-2","Prodiamine","Group-I","0","0","1","1","1","L6"
"CAS:53112-28-0","Pyrimethanil","Group-I","0","0","1","1","1","L8"
"CAS:53846-50-7","8-Prenylnaringenin","Group-I","0","0","1","1","1","L8"
"CAS:93413-69-5","Venlafaxine","Group-I","0","0","1","0","0","L8"
"CAS:113-48-4","MGK 264","Group-I","0","0","0","1","1","L6"
"CAS:1135-24-6","Ferulic acid","Group-I","0","0","0","1","1","L8,L10"
"CAS:126-00-1","Diphenolic acid","Group-I","0","0","0","1","1","L12"
"CAS:136-36-7","Resorcinol monobenzoate","Group-I","0","0","0","1","1","L12"
"CAS:14755-02-3","2-Propenoic acid, 3-(3-hydroxyphenyl)-, (E)-","Group-I","0","0","0","1","1","L8"
"CAS:1638-22-8","4-Butylphenol","Group-I","0","0","0","1","1","L2"
"CAS:16606-47-6","2,4-Diphenyl-1-butene","Group-I","0","0","0","1","1","L8"
"CAS:327-97-9","Chlorogenic acid","Group-I","0","0","0","1","1","L8"
"CAS:33704-61-9","(+-)-Cashmeran","Group-I","0","0","0","1","1","L2"
"CAS:35367-38-5","Diflubenzuron","Group-I","0","0","0","1","1","L8,L9,L14"
"CAS:40596-69-8","Methoprene","Group-I","0","0","0","1","1","L6"
"CAS:40957-83-3","Glycitein","Group-I","0","0","0","1","1","L8,L12"
"CAS:4376-18-5","Monomethyl phthalate","Group-I","0","0","0","1","1","L8"
"CAS:452-86-8","4-Methylcatechol","Group-I","0","0","0","1","1","L8"
"CAS:480-18-2","Taxifolin","Group-I","0","0","0","1","1","L8"
"CAS:51218-49-6","Pretilachlor","Group-I","0","0","0","1","1","L16"
"CAS:520-33-2","Hesperetin","Group-I","0","0","0","1","1","L8,L9,L10,L12"
"CAS:530-57-4","Syringic acid","Group-I","0","0","0","1","1","L8,L10"
"CAS:5315-79-7","1-Hydroxypyrene","Group-I","0","0","0","1","1","L8"
"CAS:533-73-3","1,2,4-Benzenetriol","Group-I","0","0","0","1","1","L6,L8"
"CAS:57103-57-8","Glyceollin","Group-I","0","0","0","1","1","L8"
"CAS:59870-68-7","Glabridin","Group-I","0","0","0","1","1","L8"
"CAS:645-56-7","4-Propylphenol","Group-I","0","0","0","1","1","L2,L8,L9,L10,L12"
"CAS:6515-38-4","3,5,6-Trichloro-2-pyridinol","Group-I","0","0","0","1","1","L8"
"CAS:68236-13-5","6-Prenylnaringenin","Group-I","0","0","0","1","1","L8"
"CAS:7235-40-7","Beta carotene","Group-I","0","0","0","1","1","L2,L3,L8,L9,L12,L15"
"CAS:79983-71-4","Hexaconazole","Group-I","0","0","0","1","1","L16"
"CAS:80844-07-1","Etofenprox","Group-I","0","0","0","1","1","L6,L14"
"CAS:88-04-0","Chloroxylenol","Group-I","0","0","0","1","1","L2,L6,L12"
"CAS:886-50-0","Terbutryn","Group-I","0","0","0","1","1","L14"
"CAS:97-23-4","Dichlorophen","Group-I","0","0","0","1","1","L11,L12,L13"
"CAS:99-93-4","4-Hydroxyacetophenone","Group-I","0","0","0","1","1","L2,L8,L9,L10,L12,L17"
"CAS:100-09-4","p-Anisic acid","Group-I","0","0","0","1","0","L2,L8,L9,L10,L12"
"CAS:118-60-5","Octisalate","Group-I","0","0","0","1","0","L2,L5,L6,L15"
"CAS:118-61-6","Ethyl salicylate","Group-I","0","0","0","1","0","L2,L8,L9,L10,L12"
"CAS:119-65-3","Isoquinoline","Group-I","0","0","0","1","0","L8,L9,L10,L12"
"CAS:120-72-9","Indole","Group-I","0","0","0","1","0","L2,L8,L9,L10,L12,L17"
"CAS:1310-65-2","Lithium hydroxide anhydrous","Group-I","0","0","0","1","0","L6,L12,L13"
"CAS:13108-52-6","2,3,5,6-Tetrachloro-4-(methylsulfonyl)pyridine","Group-I","0","0","0","1","0","L12"
"CAS:13410-01-0","Sodium selenate","Group-I","0","0","0","1","0","L6"
"CAS:141-04-8","Diisobutyl adipate","Group-I","0","0","0","1","0","L2,L6,L8,L9,L12,L13,L17"
"CAS:142-71-2","Copper(II) acetate","Group-I","0","0","0","1","0","L12"
"CAS:20426-12-4","4-Hydroxychalcone","Group-I","0","0","0","1","0","L8"
"CAS:2057-49-0","4-(3-Phenylpropyl)pyridine","Group-I","0","0","0","1","0","L2"
"CAS:210880-92-5","Clothianidin","Group-I","0","0","0","1","0","L14"
"CAS:26681-79-8","1-(1-Phenylethyl)-4-phenyltetralin","Group-I","0","0","0","1","0","L8"
"CAS:2682-20-4","Methylisothiazolinone","Group-I","0","0","0","1","0","L2,L4,L6,L11,L12,L13,L14,L17"
"CAS:4065-45-6","Sulisobenzone","Group-I","0","0","0","1","0","L2,L6"
"CAS:487-26-3","Flavanone","Group-I","0","0","0","1","0","L8"
"CAS:51200-87-4","4,4-Dimethyl oxazolidine","Group-I","0","0","0","1","0","L4,L6"
"CAS:52-51-7","Bronopol","Group-I","0","0","0","1","0","L4,L6,L12,L13,L14"
"CAS:525-82-6","Flavone","Group-I","0","0","0","1","0","L8"
"CAS:5471-51-2","Raspberry ketone","Group-I","0","0","0","1","0","L2,L8,L9,L10,L12,L17"
"CAS:578-86-9","Liquiritigenin","Group-I","0","0","0","1","0","L8"
"CAS:59-02-9","alpha-Tocopherol","Group-I","0","0","0","1","0","L2,L6,L8,L9,L11,L12,L13,L15,L17"
"CAS:615-58-7","2,4-Dibromophenol","Group-I","0","0","0","1","0","L8"
"CAS:6197-30-4","Octocrylene","Group-I","0","0","0","1","0","L2,L5,L6,L11,L12,L13"
"CAS:6754-58-1","Xanthohumol","Group-I","0","0","0","1","0","L8"
"CAS:68917-43-1","Hibawood oil","Group-I","0","0","0","1","0","L2"
"CAS:70356-09-1","Avobenzone","Group-I","0","0","0","1","0","L2,L5,L6"
"CAS:71617-10-2","Amiloxate","Group-I","0","0","0","1","0","L5"
"CAS:7772-99-8","Stannous chloride","Group-I","0","0","0","1","0","L8,L9,L12,L13,L15"
"CAS:8003-34-7","Pyrethrins","Group-I","0","0","0","1","0","L6"
"CAS:8016-25-9","Hops extract","Group-I","0","0","0","1","0","L12"
"CAS:84-62-8","Diphenyl phthalate","Group-I","0","0","0","1","0","L12"
"CAS:84082-61-1","Balm mint extract","Group-I","0","0","0","1","0","L2,L12"
"CAS:85-07-4","2-Methyl-1-naphthaleneacetamide","Group-I","0","0","0","1","0","L6"
"CAS:86479-06-3","Hexaflumuron","Group-I","0","0","0","1","0","L14"
"CAS:87-22-9","Phenethyl salicylate","Group-I","0","0","0","1","0","L2,L8,L9,L10,L12"
"CAS:88-24-4","2,2'-Methylenebis(6-t-butyl-4-ethylphenol)","Group-I","0","0","0","1","0","L6,L11,L12,L13"
"CAS:88-69-7","2-Isopropylphenol","Group-I","0","0","0","1","0","L2,L8,L9,L10,L12"
"CAS:9004-62-0","Hydroxyethyl cellulose","Group-I","0","0","0","1","0","L2,L11,L12,L13,L15,L17"
"CAS:91-62-3","6-Methylquinoline","Group-I","0","0","0","1","0","L2,L8,L9,L10,L12"
"CAS:94-09-7","Benzocaine","Group-I","0","0","0","1","0","L6,L8,L15"
"CAS:94-41-7","Chalcone","Group-I","0","0","0","1","0","L8"
"CAS:95-20-5","2-Methylindole","Group-I","0","0","0","1","0","L10"
"CAS:97-54-1","Isoeugenol","Group-I","0","0","0","1","0","L2,L6,L8,L9,L10,L12"
"CAS:147-94-4","Cytarabine","Group-I","0","0","0","0","1","L8"
"CAS:148-03-8","beta-Tocopherol","Group-I","0","0","0","0","1","L8,L12"
"CAS:2597-03-7","Phenthoate","Group-I","0","0","0","0","1","L16"
"CAS:28057-48-9","S-Bioallethrin","Group-I","0","0","0","0","1","L6"
"CAS:42874-03-3","Oxyfluorfen","Group-I","0","0","0","0","1","L6"
"CAS:61080-23-7","Glyceollin III","Group-I","0","0","0","0","1","L8"
"CAS:67314-98-1","Glyceollin II","Group-I","0","0","0","0","1","L8"
"CAS:70872-29-6","Isoxanthohumol","Group-I","0","0","0","0","1","L8"
"CAS:101-20-2","Triclocarban","Group-II","1","1","1","1","1","L4,L6,L27"
"CAS:115-29-7","Endosulfan","Group-II","1","1","1","1","1","L16,L18,L19,L24,L27,L32,L35"
"CAS:115-32-2","Dicofol","Group-II","1","1","1","1","1","L16,L19,L24,L31,L35"
"CAS:115-86-6","Triphenyl phosphate","Group-II","1","1","1","1","1","L6,L12,L27,L29"
"CAS:118-74-1","Hexachlorobenzene","Group-II","1","1","1","1","1","L8,L20,L23,L24,L26,L27,L29,L31,L35"
"CAS:120-83-2","2,4-Dichlorophenol","Group-II","1","1","1","1","1","L8,L32"
"CAS:121-75-5","Malathion","Group-II","1","1","1","1","1","L6,L16,L24,L27,L31,L34,L35"
"CAS:1222-05-5","Galaxolide","Group-II","1","1","1","1","1","L2,L6,L27,L29,L36"
"CAS:140-66-9","4-tert-Octylphenol","Group-II","1","1","1","1","1","L8,L13,L22,L29,L36"
"CAS:15972-60-8","Alachlor","Group-II","1","1","1","1","1","L8,L20,L26,L27,L34,L35"
"CAS:1675-54-3","Bisphenol A diglycidyl ether","Group-II","1","1","1","1","1","L6,L8,L13,L27,L31"
"CAS:1897-45-6","Chlorothalonil","Group-II","1","1","1","1","1","L6,L20,L31"
"CAS:1912-24-9","Atrazine","Group-II","1","1","1","1","1","L6,L16,L26,L31,L35"
"CAS:2921-88-2","Chlorpyrifos","Group-II","1","1","1","1","1","L6,L16,L19,L24,L27,L34"
"CAS:3380-34-5","5-Chloro-2-(2,4-dichlorophenoxy)phenol","Group-II","1","1","1","1","1","L4,L6,L13,L27,L29,L35,L36"
"CAS:50-29-3","Chlorophenothane","Group-II","1","1","1","1","1","L8,L9,L16,L18,L19,L20,L24,L26,L27,L31,L32,L35"
"CAS:5466-77-3","2-Ethylhexyl methoxycinnamate","Group-II","1","1","1","1","1","L2,L5,L6,L29"
"CAS:556-67-2","Octamethylcyclotetrasiloxane","Group-II","1","1","1","1","1","L6,L20,L21,L22,L27,L29"
"CAS:56-38-2","Parathion","Group-II","1","1","1","1","1","L8,L18,L19,L20,L24,L30,L31,L32,L33,L35"
"CAS:61-82-5","2-Amino-1,3,4-triazole","Group-II","1","1","1","1","1","L9,L20,L31,L34,L35"
"CAS:63-25-2","Carbaryl","Group-II","1","1","1","1","1","L6,L18,L20,L26,L27,L31,L32,L34,L35"
"CAS:71-43-2","Benzene","Group-II","1","1","1","1","1","L6,L8,L9,L12,L13,L20,L21,L23,L26,L27,L29,L31,L32,L35,L36"
"CAS:79-94-7","Tetrabromobisphenol A","Group-II","1","1","1","1","1","L6,L27,L29,L31,L34"
"CAS:80-05-7","Bisphenol A","Group-II","1","1","1","1","1","L8,L11,L12,L13,L20,L21,L22,L27,L29,L32,L36"
"CAS:80-09-1","Bis(4-hydroxyphenyl)sulfone","Group-II","1","1","1","1","1","L11,L12,L27,L29"
"CAS:84-74-2","Dibutyl phthalate","Group-II","1","1","1","1","1","L2,L6,L8,L11,L12,L13,L20,L21,L22,L23,L26,L27,L29"
"CAS:85-68-7","Butyl benzyl phthalate","Group-II","1","1","1","1","1","L6,L11,L12,L13,L20,L21,L22,L26,L27,L29,L31,L35"
"CAS:94-75-7","2,4-Dichlorophenoxyacetic acid","Group-II","1","1","1","1","1","L6,L16,L26,L31,L32"
"CAS:103-23-1","Di-(2-ethylhexyl) adipate","Group-II","1","1","1","1","0","L2,L8,L9,L11,L12,L13,L26,L31"
"CAS:117-81-7","Bis(2-ethylhexyl) phthalate","Group-II","1","1","1","1","0","L2,L6,L9,L11,L12,L13,L20,L21,L22,L23,L26,L27,L29,L31,L36"
"CAS:118-79-6","2,4,6-Tribromophenol","Group-II","1","1","1","1","0","L8,L27,L29,L32"
"CAS:12427-38-2","Maneb","Group-II","1","1","1","1","0","L8,L20,L31,L35,L36"
"CAS:25637-99-4","Hexabromocyclododecane","Group-II","1","1","1","1","0","L9,L20,L22,L24,L29,L35"
"CAS:50-00-0","Formaldehyde","Group-II","1","1","1","1","0","L6,L8,L11,L12,L13,L14,L15,L16,L20,L23,L24,L27,L28,L29,L31,L32,L33,L36"
"CAS:56-35-9","Bis(tributyltin) oxide","Group-II","1","1","1","1","0","L12,L13,L22,L29,L34"
"CAS:58-89-9","Lindane","Group-II","1","1","1","1","0","L16,L18,L20,L24,L26,L27,L31,L32,L35"
"CAS:683-18-1","Dibutyldichlorotin","Group-II","1","1","1","1","0","L12,L20,L22,L27,L29"
"CAS:74-83-9","Methyl bromide","Group-II","1","1","1","1","0","L8,L18,L19,L20,L24,L25,L26,L28,L31,L32,L33,L35,L36"
"CAS:7439-92-1","Lead","Group-II","1","1","1","1","0","L6,L8,L9,L19,L20,L21,L22,L23,L24,L27,L29,L31,L32,L35"
"CAS:7439-96-5","Manganese","Group-II","1","1","1","1","0","L6,L8,L12,L23,L26,L27"
"CAS:79-01-6","Trichloroethylene","Group-II","1","1","1","1","0","L6,L8,L9,L12,L20,L22,L23,L26,L27,L29,L30,L31,L32"
"CAS:8018-01-7","Mancozeb","Group-II","1","1","1","1","0","L16,L20"
"CAS:110-00-9","Furan","Group-II","1","1","1","0","0","L9,L20,L22,L28,L29,L31"
"CAS:100-02-7","p-Nitrophenol","Group-II","1","1","0","1","1","L8,L27,L29,L30,L32"
"CAS:100-42-5","Styrene","Group-II","1","1","0","1","1","L2,L6,L8,L9,L10,L11,L12,L13,L20,L23,L26,L29,L31,L32,L36"
"CAS:106-42-3","4-Xylene","Group-II","1","1","0","1","1","L6,L8,L27"
"CAS:106-44-5","p-Cresol","Group-II","1","1","0","1","1","L2,L8,L9,L10,L11,L12,L13,L26"
"CAS:106-89-8","Epichlorohydrin","Group-II","1","1","0","1","1","L8,L11,L12,L13,L20,L24,L29,L31,L32,L36"
"CAS:10605-21-7","Carbendazim","Group-II","1","1","0","1","1","L8,L13,L14,L16,L20,L24,L34,L35"
"CAS:108-05-4","Vinyl acetate","Group-II","1","1","0","1","1","L6,L8,L11,L12,L13,L20,L31,L36"
"CAS:108-78-1","Melamine","Group-II","1","1","0","1","1","L6,L11,L12,L13,L29,L31"
"CAS:108-88-3","Methylbenzene","Group-II","1","1","0","1","1","L6,L8,L9,L12,L13,L21,L23,L26,L31,L32,L36"
"CAS:109-86-4","Ethylene glycol monomethyl ether","Group-II","1","1","0","1","1","L6,L9,L12,L13,L20,L22,L23,L29,L36"
"CAS:110-54-3","Hexane","Group-II","1","1","0","1","1","L2,L6,L8,L9,L12,L20,L23,L26,L27,L29,L32,L36"
"CAS:118-96-7","Trinitrotoluene","Group-II","1","1","0","1","1","L8,L31,L32,L33"
"CAS:119-61-9","Benzophenone","Group-II","1","1","0","1","1","L2,L6,L8,L9,L10,L11,L12,L13,L29,L31"
"CAS:121-14-2","2,4-Dinitrotoluene","Group-II","1","1","0","1","1","L6,L20,L22,L29,L31,L32"
"CAS:127-18-4","Tetrachloroethylene","Group-II","1","1","0","1","1","L6,L9,L12,L15,L20,L23,L26,L27,L29,L30,L31,L32"
"CAS:131-57-7","Benzophenone-3","Group-II","1","1","0","1","1","L2,L5,L6,L11,L12,L13,L27,L29"
"CAS:137-26-8","Tetramethylthiuram disulfide","Group-II","1","1","0","1","1","L6,L12,L13,L14,L20,L29,L31,L36"
"CAS:1563-66-2","Carbofuran","Group-II","1","1","0","1","1","L8,L18,L19,L26,L32,L33,L35"
"CAS:1582-09-8","Trifluralin","Group-II","1","1","0","1","1","L6,L18,L20,L31,L34,L35"
"CAS:1634-04-4","t-Butyl methyl ether","Group-II","1","1","0","1","1","L6,L26,L29,L31"
"CAS:1806-26-4","4-Octylphenol","Group-II","1","1","0","1","1","L12,L27"
"CAS:330-54-1","Diuron","Group-II","1","1","0","1","1","L6,L14,L16,L20,L34"
"CAS:333-41-5","Diazinon","Group-II","1","1","0","1","1","L8,L18,L27,L31,L34,L35"
"CAS:36734-19-7","Iprodione","Group-II","1","1","0","1","1","L8,L20,L27,L35"
"CAS:4685-14-7","Paraquat","Group-II","1","1","0","1","1","L8,L19,L24,L26,L32,L34,L35"
"CAS:541-73-1","m-Dichlorobenzene","Group-II","1","1","0","1","1","L6,L24,L26,L31"
"CAS:56-23-5","Carbon tetrachloride","Group-II","1","1","0","1","1","L6,L8,L12,L13,L20,L24,L25,L26,L27,L29,L31,L32,L35"
"CAS:58-08-2","Caffeine","Group-II","1","1","0","1","1","L6,L8,L10,L12,L15,L26,L27,L31"
"CAS:75-09-2","Dichloromethane","Group-II","1","1","0","1","1","L6,L8,L9,L12,L20,L21,L23,L26,L27,L30,L31,L32"
"CAS:75-15-0","Carbon disulfide","Group-II","1","1","0","1","1","L8,L12,L20,L23,L29,L30,L32,L33,L36"
"CAS:75-21-8","Ethylene oxide","Group-II","1","1","0","1","1","L6,L8,L9,L11,L12,L13,L14,L15,L20,L23,L24,L28,L29,L30,L31,L32,L33,L35,L36"
"CAS:80-46-6","p-tert-Amylphenol","Group-II","1","1","0","1","1","L12,L22"
"CAS:84-61-7","Dicyclohexyl phthalate","Group-II","1","1","0","1","1","L12,L13,L22,L27,L29"
"CAS:84-66-2","Diethyl phthalate","Group-II","1","1","0","1","1","L2,L6,L12,L13,L15,L26,L27,L29"
"CAS:84-69-5","Diisobutyl phthalate","Group-II","1","1","0","1","1","L8,L12,L13,L20,L21,L22,L26,L27,L29,L35"
"CAS:84-75-3","Dihexyl phthalate","Group-II","1","1","0","1","1","L12,L20,L22,L27,L29"
"CAS:88-85-7","Dinoseb","Group-II","1","1","0","1","1","L8,L20,L22,L24,L26,L29,L35"
"CAS:90-43-7","2-Phenyl phenol","Group-II","1","1","0","1","1","L4,L6,L8,L9,L12,L13,L14,L27,L31"
"CAS:95-50-1","1,2-Dichlorobenzene","Group-II","1","1","0","1","1","L6,L24,L26,L29,L31,L32,L36"
"CAS:96-24-2","3-Chloro-1,2-dihydroxypropane","Group-II","1","1","0","1","1","L8,L9,L31"
"CAS:98-54-4","Butylphen","Group-II","1","1","0","1","1","L8,L9,L10,L11,L12,L13,L20,L22,L29"
"CAS:98-95-3","Nitrobenzene","Group-II","1","1","0","1","1","L16,L20,L22,L24,L27,L29,L31,L32,L36"
"CAS:100-41-4","Ethylbenzene","Group-II","1","1","0","1","0","L6,L8,L13,L23,L26,L27,L31,L36"
"CAS:100-44-7","Benzyl chloride","Group-II","1","1","0","1","0","L15,L20,L29,L32,L36"
"CAS:10043-35-3","Boric acid","Group-II","1","1","0","1","0","L6,L8,L9,L11,L12,L13,L14,L15,L17,L20,L22,L24,L29"
"CAS:10049-04-4","Chlorine dioxide","Group-II","1","1","0","1","0","L8,L9,L12,L13,L14,L23,L28,L32"
"CAS:101-77-9","4,4'-Diaminodiphenylmethane","Group-II","1","1","0","1","0","L12,L13,L20,L22,L29,L30,L31"
"CAS:102-71-6","Triethanolamine","Group-II","1","1","0","1","0","L2,L6,L8,L11,L12,L13,L15,L17,L31,L36"
"CAS:106-50-3","1,4-Benzenediamine","Group-II","1","1","0","1","0","L6,L12,L31,L32"
"CAS:106-99-0","1,3-Butadiene","Group-II","1","1","0","1","0","L11,L12,L13,L20,L23,L26,L29,L31,L36"
"CAS:107-13-1","Acrylonitrile","Group-II","1","1","0","1","0","L6,L11,L12,L13,L20,L23,L24,L29,L30,L31,L32,L33,L36"
"CAS:107-18-6","Allyl alcohol","Group-II","1","1","0","1","0","L8,L32,L33"
"CAS:109-99-9","Tetrahydrofuran","Group-II","1","1","0","1","0","L6,L8,L11,L12,L13,L20,L26,L31,L36"
"CAS:110-80-5","Ethylene glycol monoethyl ether","Group-II","1","1","0","1","0","L8,L12,L13,L15,L20,L22,L23,L29"
"CAS:111-15-9","Ethoxyethanol acetate","Group-II","1","1","0","1","0","L6,L9,L12,L20,L22,L23,L29"
"CAS:111-30-8","Glutaraldehyde","Group-II","1","1","0","1","0","L4,L6,L8,L10,L12,L13,L14,L15,L23"
"CAS:111-42-2","Diolamine","Group-II","1","1","0","1","0","L6,L8,L12,L13,L15,L31,L36"
"CAS:111-65-9","Octane","Group-II","1","1","0","1","0","L6,L8,L27"
"CAS:111-76-2","Ethylene glycol monobutyl ether","Group-II","1","1","0","1","0","L2,L6,L8,L10,L12,L13,L27,L31,L32,L36"
"CAS:111-84-2","Nonane","Group-II","1","1","0","1","0","L2,L6,L8,L27"
"CAS:115-07-1","Propylene","Group-II","1","1","0","1","0","L6,L8,L11,L12,L13,L31"
"CAS:115-96-8","Tris(2-chloroethyl) phosphate","Group-II","1","1","0","1","0","L11,L13,L20,L22,L27,L29,L31,L35"
"CAS:126-73-8","Tributyl phosphate","Group-II","1","1","0","1","0","L6,L12,L13,L20,L27"
"CAS:128-37-0","Butylated hydroxytoluene","Group-II","1","1","0","1","0","L2,L6,L8,L9,L11,L12,L13,L15,L27,L29,L31,L36"
"CAS:131-11-3","Dimethyl phthalate","Group-II","1","1","0","1","0","L6,L12,L13,L26,L27,L32"
"CAS:1330-20-7","Dimethylbenzene","Group-II","1","1","0","1","0","L2,L6,L8,L12,L13,L23,L26,L31,L32,L36"
"CAS:13674-84-5","Tri-(2-chloroisopropyl)phosphate","Group-II","1","1","0","1","0","L6,L27,L29"
"CAS:137-30-4","Ziram","Group-II","1","1","0","1","0","L12,L13,L16,L20,L29,L31"
"CAS:137-42-8","Sodium methyldithiocarbamate","Group-II","1","1","0","1","0","L13,L14,L29"
"CAS:1461-22-9","Tributylchlorostannane","Group-II","1","1","0","1","0","L12,L27,L29"
"CAS:26761-40-0","Diisodecyl phthalate","Group-II","1","1","0","1","0","L6,L11,L12,L13,L21,L27"
"CAS:2783-94-0","Sunset Yellow","Group-II","1","1","0","1","0","L2,L3,L6,L8,L9,L12,L15,L17,L31"
"CAS:58-55-9","Theophylline","Group-II","1","1","0","1","0","L8,L31"
"CAS:62-38-4","Phenylmercuric acetate","Group-II","1","1","0","1","0","L4,L15,L18,L21,L32"
"CAS:64-17-5","Ethanol","Group-II","1","1","0","1","0","L2,L6,L8,L9,L10,L11,L12,L13,L14,L15,L17,L23,L27,L31"
"CAS:67-56-1","Methanol","Group-II","1","1","0","1","0","L6,L8,L9,L11,L12,L13,L16,L21,L23,L32,L36"
"CAS:67-66-3","Chloroform","Group-II","1","1","0","1","0","L8,L9,L12,L13,L20,L21,L23,L26,L27,L29,L30,L31,L32,L35,L36"
"CAS:7440-43-9","Cadmium","Group-II","1","1","0","1","0","L6,L8,L9,L21,L22,L23,L26,L27,L29,L31,L32,L35"
"CAS:75-01-4","Vinyl chloride","Group-II","1","1","0","1","0","L9,L11,L12,L13,L20,L21,L23,L26,L29,L31,L32"
"CAS:75-07-0","Acetaldehyde","Group-II","1","1","0","1","0","L2,L6,L8,L9,L10,L11,L12,L13,L16,L20,L23,L26,L27,L28,L29,L30,L31,L36"
"CAS:75-12-7","Formamide","Group-II","1","1","0","1","0","L8,L12,L20,L22,L29"
"CAS:75-56-9","1,2-Propylene oxide","Group-II","1","1","0","1","0","L6,L7,L8,L9,L11,L12,L13,L20,L22,L29,L31,L32,L33"
"CAS:77-58-7","Dibutyltin dilaurate","Group-II","1","1","0","1","0","L6,L12,L13,L20,L29"
"CAS:7758-19-2","Sodium chlorite","Group-II","1","1","0","1","0","L6,L8,L9,L12,L13,L31"
"CAS:78-51-3","Tri(2-butoxyethyl) phosphate","Group-II","1","1","0","1","0","L6,L12,L13,L17,L27"
"CAS:78-79-5","Isoprene","Group-II","1","1","0","1","0","L8,L11,L12,L13,L20,L29,L31,L36"
"CAS:79-06-1","Acrylamide","Group-II","1","1","0","1","0","L6,L8,L9,L11,L12,L13,L20,L21,L22,L23,L29,L30,L31,L36"
"CAS:80-54-6","Lilial","Group-II","1","1","0","1","0","L2,L6,L36"
"CAS:80-62-6","Methyl methacrylate","Group-II","1","1","0","1","0","L6,L8,L9,L10,L11,L12,L13,L23,L31,L32"
"CAS:84852-15-3","4-Nonylphenol, branched","Group-II","1","1","0","1","0","L2,L6,L20,L22,L29,L30"
"CAS:872-50-4","1-Methyl-2-pyrrolidinone","Group-II","1","1","0","1","0","L6,L11,L12,L13,L15,L20,L21,L22,L29,L36"
"CAS:95-80-7","Toluene-2,4-diamine","Group-II","1","1","0","1","0","L12,L13,L20,L22,L29,L30,L31"
"CAS:96-18-4","1,2,3-Trichloropropane","Group-II","1","1","0","1","0","L12,L20,L22,L26,L29,L31"
"CAS:97-77-8","Disulfiram","Group-II","1","1","0","1","0","L12,L13,L20,L31,L36"
"CAS:98-29-3","p-tert-Butyl catechol","Group-II","1","1","0","1","0","L2,L12,L20"
"CAS:1071-83-6","Glyphosate","Group-II","1","1","0","0","1","L16,L26,L31"
"CAS:100-21-0","Terephthalic acid","Group-II","1","1","0","0","0","L8,L11,L12,L13,L36"
"CAS:103-90-2","Acetaminophen","Group-II","1","1","0","0","0","L6,L8,L11,L13,L31"
"CAS:134-32-7","1-Naphthylamine","Group-II","1","1","0","0","0","L12,L20,L31"
"CAS:13463-67-7","Titanium dioxide","Group-II","1","1","0","0","0","L2,L3,L5,L6,L8,L9,L11,L12,L13,L15,L16,L17,L31"
"CAS:1506-02-1","7-acetyl-1,1,3,4,4,6-hexamethyl-1,2,3,4-tetrahydronaphthalene","Group-II","1","1","0","0","0","L2,L6,L27,L29"
"CAS:25973-55-1","2-(2H-Benzotriazol-2-yl)-4,6-di-tert-pentylphenol","Group-II","1","1","0","0","0","L2,L6,L12,L22,L29"
"CAS:60-29-7","Diethyl ether","Group-II","1","1","0","0","0","L6,L8,L9,L26,L32"
"CAS:62-53-3","Aniline","Group-II","1","1","0","0","0","L8,L12,L16,L20,L23,L29,L30,L31,L32,L36"
"CAS:68515-48-0","Diisononyl phthalate","Group-II","1","1","0","0","0","L2,L6,L11,L13,L21,L27,L29"
"CAS:7440-47-3","Chromium","Group-II","1","1","0","0","0","L6,L8,L12,L20,L26,L27,L31,L32"
"CAS:7440-61-1","Uranium","Group-II","1","1","0","0","0","L8,L26"
"CAS:7778-50-9","Potassium dichromate","Group-II","1","1","0","0","0","L6,L12,L22,L29"
"CAS:89-83-8","Thymol","Group-II","1","1","0","0","0","L2,L6,L8,L9,L10,L12,L15,L27"
"CAS:108-46-3","Resorcinol","Group-II","1","0","1","1","1","L2,L6,L8,L9,L10,L11,L12,L13,L24,L29,L31"
"CAS:28553-12-0","Diisononyl phthalate","Group-II","1","0","1","1","1","L2,L6,L11,L12,L13,L21,L29"
"CAS:541-02-6","Decamethylcyclopentasiloxane","Group-II","1","0","1","1","0","L2,L9,L15,L21,L22,L27,L29"
"CAS:63449-39-8","Chlorinated paraffins","Group-II","1","0","1","1","0","L6,L12,L29"
"CAS:120-12-7","Anthracene","Group-II","1","0","1","0","1","L8,L20,L22,L26,L27,L29,L31"
"CAS:540-97-6","Dodecamethylcyclohexasiloxane","Group-II","1","0","1","0","0","L6,L22,L27,L29"
"CAS:9002-86-2","Polyvinyl chloride","Group-II","1","0","1","0","0","L6,L12,L13,L31"
"CAS:107-21-1","Ethylene glycol","Group-II","1","0","0","1","1","L2,L6,L8,L11,L12,L13,L15,L23,L36"
"CAS:108-95-2","Phenol","Group-II","1","0","0","1","1","L2,L6,L8,L9,L10,L11,L12,L13,L15,L16,L20,L23,L24,L31,L32,L36"
"CAS:114-26-1","Propoxur","Group-II","1","0","0","1","1","L6,L27,L34"
"CAS:120-80-9","Catechol","Group-II","1","0","0","1","1","L8,L10,L11,L13,L20,L24,L29,L31,L36"
"CAS:123-31-9","Hydroquinone","Group-II","1","0","0","1","1","L6,L8,L11,L12,L13,L15,L20,L24,L31,L32,L36"
"CAS:135-19-3","Betanaphthol","Group-II","1","0","0","1","1","L8,L12,L15,L20"
"CAS:149-57-5","2-Ethylhexanoic acid","Group-II","1","0","0","1","1","L10,L13,L20"
"CAS:34123-59-6","Isoproturon","Group-II","1","0","0","1","1","L14,L16,L20,L35"
"CAS:55-38-9","Fenthion","Group-II","1","0","0","1","1","L8,L18,L20,L34,L35"
"CAS:60-51-5","Dimethoate","Group-II","1","0","0","1","1","L16,L26,L32"
"CAS:68-12-2","Dimethylformamide","Group-II","1","0","0","1","1","L8,L12,L20,L22,L29,L31,L36"
"CAS:81-14-1","Musk ketone","Group-II","1","0","0","1","1","L2,L8,L12,L27"
"CAS:81-15-2","Musk xylene","Group-II","1","0","0","1","1","L8,L22,L27,L29,L31,L35"
"CAS:91-53-2","Ethoxyquin","Group-II","1","0","0","1","1","L8,L12,L35"
"CAS:100-52-7","Benzaldehyde","Group-II","1","0","0","1","0","L2,L6,L8,L9,L10,L11,L12,L13,L15,L26,L27"
"CAS:104-76-7","2-Ethyl-1-hexanol","Group-II","1","0","0","1","0","L2,L6,L8,L9,L10,L11,L12,L13,L27,L32"
"CAS:105-99-7","Dibutyl adipate","Group-II","1","0","0","1","0","L6,L13,L27"
"CAS:107-98-2","1-Methoxy-2-hydroxypropane","Group-II","1","0","0","1","0","L2,L6,L8,L13,L17,L27"
"CAS:111-77-3","Diethylene glycol monomethyl ether","Group-II","1","0","0","1","0","L2,L6,L12,L21"
"CAS:112-34-5","Diethylene glycol mono-n-butyl ether","Group-II","1","0","0","1","0","L2,L6,L12,L13,L17,L21,L32"
"CAS:112-80-1","Oleic acid","Group-II","1","0","0","1","0","L2,L6,L8,L9,L10,L11,L12,L13,L15,L17,L27"
"CAS:117-84-0","Di-n-octyl phthalate","Group-II","1","0","0","1","0","L2,L6,L8,L12,L13,L21,L29"
"CAS:123-99-9","Azelaic acid","Group-II","1","0","0","1","0","L8,L10,L11,L12,L13,L27"
"CAS:124-09-4","Hexamethylene diamine","Group-II","1","0","0","1","0","L11,L12,L13,L32"
"CAS:1303-96-4","Borax","Group-II","1","0","0","1","0","L6,L8,L9,L12,L14,L15,L17,L20,L22,L24,L29"
"CAS:1330-43-4","Sodium tetraborate","Group-II","1","0","0","1","0","L6,L8,L11,L12,L13,L14,L17,L20,L22,L29"
"CAS:141-43-5","Ethanolamine","Group-II","1","0","0","1","0","L2,L6,L8,L11,L12,L13,L15,L16,L17,L36"
"CAS:142-82-5","Heptane","Group-II","1","0","0","1","0","L2,L6,L8,L9,L12,L27"
"CAS:149-30-4","Mercaptobenzothiazole","Group-II","1","0","0","1","0","L6,L8,L12,L13,L31,L32"
"CAS:26523-78-4","Nonylphenyl phosphite (3:1)","Group-II","1","0","0","1","0","L12,L13,L22,L29"
"CAS:57-10-3","Palmitic acid","Group-II","1","0","0","1","0","L2,L6,L8,L9,L10,L11,L12,L13,L15,L17,L26,L27"
"CAS:57-11-4","Stearic acid","Group-II","1","0","0","1","0","L2,L6,L8,L9,L10,L11,L12,L13,L15,L17,L26,L27"
"CAS:57-55-6","Propylene glycol","Group-II","1","0","0","1","0","L2,L6,L8,L9,L11,L12,L13,L15,L17,L36"
"CAS:6484-52-2","Ammonium nitrate","Group-II","1","0","0","1","0","L6,L12,L13,L17,L21,L32,L33"
"CAS:6846-50-0","2,2,4-Trimethyl-1,3-pentanediol diisobutyrate","Group-II","1","0","0","1","0","L2,L6,L11,L12,L13,L27"
"CAS:7429-90-5","Aluminum","Group-II","1","0","0","1","0","L3,L6,L8,L9,L12,L13,L26,L31"
"CAS:7439-89-6","Iron, elemental","Group-II","1","0","0","1","0","L6,L8,L9,L12,L15,L27"
"CAS:7440-66-6","Zinc, elemental","Group-II","1","0","0","1","0","L1,L6,L8,L9,L12,L13,L15,L23,L27,L32"
"CAS:78-42-2","Trioctyl phosphate","Group-II","1","0","0","1","0","L12,L13,L27"
"CAS:79-07-2","Chloroacetamide","Group-II","1","0","0","1","0","L4,L12,L20"
"CAS:88-18-6","2-tert-Butylphenol","Group-II","1","0","0","1","0","L2,L6,L36"
"CAS:91-20-3","Naphthalene","Group-II","1","0","0","1","0","L2,L6,L8,L20,L26,L27,L29,L31,L36"
"CAS:91-22-5","Quinoline","Group-II","1","0","0","1","0","L8,L12,L20,L29,L31"
"CAS:96-33-3","Methyl acrylate","Group-II","1","0","0","1","0","L8,L11,L12,L13,L31,L32,L36"
"CAS:98-82-8","Cumene","Group-II","1","0","0","1","0","L6,L8,L23,L26,L31,L32,L36"
"CAS:108-38-3","3-Xylene","Group-II","1","0","0","0","1","L6,L8,L27"
"CAS:126-99-8","Chloroprene","Group-II","1","0","0","0","1","L6,L12,L13,L20,L29,L31,L32"
"CAS:62-56-6","Thiourea","Group-II","1","0","0","0","1","L6,L8,L20,L31,L36"
"CAS:7664-41-7","Ammonia","Group-II","1","0","0","0","1","L6,L8,L10,L11,L12,L13,L15,L23,L24,L28,L32,L33"
"CAS:7783-06-4","Hydrogen sulfide","Group-II","1","0","0","0","1","L7,L8,L10,L12,L23,L26,L28,L32,L33"
"CAS:92-52-4","Biphenyl","Group-II","1","0","0","0","1","L2,L7,L8,L9,L12,L13,L23,L32"
"CAS:95-47-6","2-Xylene","Group-II","1","0","0","0","1","L8,L27"
"CAS:104-40-5","4-Nonylphenol","Group-II","0","1","1","1","1","L6,L8,L12,L22,L27,L29,L30"
"CAS:120-47-8","Ethyl 4-hydroxybenzoate","Group-II","0","1","1","1","1","L2,L4,L6,L8,L9,L10,L11,L12,L13,L15,L27"
"CAS:120068-37-3","Fipronil","Group-II","0","1","1","1","1","L6,L14,L19,L24,L35"
"CAS:131-70-4","Monobutyl phthalate","Group-II","0","1","1","1","1","L8,L27"
"CAS:143-50-0","Chlordecone","Group-II","0","1","1","1","1","L9,L20,L24,L31,L35"
"CAS:2385-85-5","Mirex","Group-II","0","1","1","1","1","L9,L20,L24,L31,L35"
"CAS:335-67-1","Perfluorooctanoic acid","Group-II","0","1","1","1","1","L9,L20,L21,L22,L26,L27,L29,L31"
"CAS:36861-47-9","Enzacamene","Group-II","0","1","1","1","1","L2,L5,L29"
"CAS:4376-20-9","Mono-(2-ethylhexyl)phthalate","Group-II","0","1","1","1","1","L8,L27"
"CAS:50-32-8","Benzo(a)pyrene","Group-II","0","1","1","1","1","L6,L9,L20,L21,L22,L26,L27,L29,L31,L34"
"CAS:52645-53-1","Permethrin","Group-II","0","1","1","1","1","L6,L9,L14,L16,L27,L31,L34,L35"
"CAS:54-11-5","Nicotine","Group-II","0","1","1","1","1","L8,L20,L27,L35"
"CAS:5436-43-1","2,2',4,4'-Tetrabromodiphenyl ether","Group-II","0","1","1","1","1","L8,L27"
"CAS:608-93-5","Pentachlorobenzene","Group-II","0","1","1","1","1","L9,L24,L27,L35"
"CAS:8001-35-2","Toxaphene","Group-II","0","1","1","1","1","L9,L18,L19,L20,L24,L26,L31,L35"
"CAS:87-86-5","Pentachlorophenol","Group-II","0","1","1","1","1","L12,L18,L20,L21,L24,L26,L27,L29,L30,L31,L32,L35"
"CAS:96-45-7","Ethylene thiourea","Group-II","0","1","1","1","1","L13,L20,L22,L29,L31"
"CAS:99-76-3","Methyl p-hydroxybenzoate","Group-II","0","1","1","1","1","L2,L4,L6,L8,L9,L11,L12,L13,L15,L27"
"CAS:15087-24-8","3-Benzylidene camphor","Group-II","0","1","1","1","0","L2,L20,L22,L29"
"CAS:25013-16-5","Butylated hydroxyanisole","Group-II","0","1","1","1","0","L2,L6,L8,L9,L11,L12,L13,L15,L27,L29,L31"
"CAS:56-55-3","Benz(a)anthracene","Group-II","0","1","1","1","0","L6,L20,L21,L22,L26,L27,L29,L31"
"CAS:60348-60-9","2,2',4,4',5-Pentabromodiphenyl ether","Group-II","0","1","1","1","0","L8,L27"
"CAS:620-92-8","4,4'-Bisphenol F","Group-II","0","1","1","1","0","L13,L29"
"CAS:7440-38-2","Arsenic","Group-II","0","1","1","1","0","L6,L8,L9,L20,L21,L23,L26,L27,L30,L31,L35"
"CAS:14797-73-0","Perchlorate","Group-II","0","1","1","0","0","L9,L26"
"CAS:1763-23-1","Perfluorooctane sulfonic acid","Group-II","0","1","1","0","0","L9,L20,L24,L26,L27,L29,L30,L35"
"CAS:56-53-1","Diethylstilbestrol","Group-II","0","1","1","0","0","L8,L9,L31"
"CAS:57-63-6","Ethinylestradiol","Group-II","0","1","1","0","0","L8,L26"
"CAS:7553-56-2","Iodine","Group-II","0","1","1","0","0","L8,L9,L12,L14,L20,L32"
"CAS:107534-96-3","Tebuconazole","Group-II","0","1","0","1","1","L6,L14,L20"
"CAS:108-73-6","Phloroglucinol","Group-II","0","1","0","1","1","L8,L20"
"CAS:117-10-2","Danthron","Group-II","0","1","0","1","1","L8,L31"
"CAS:117-39-5","Quercetin","Group-II","0","1","0","1","1","L8,L9,L12,L31"
"CAS:131-55-5","Benzophenone-2","Group-II","0","1","0","1","1","L2,L6,L27,L29"
"CAS:131-56-6","2,4-Dihydroxybenzophenone","Group-II","0","1","0","1","1","L2,L6,L11,L13,L27,L29"
"CAS:1478-61-1","Bisphenol AF","Group-II","0","1","0","1","1","L12,L27"
"CAS:17804-35-2","Benomyl","Group-II","0","1","0","1","1","L8,L18,L20,L24"
"CAS:21087-64-9","Metribuzin","Group-II","0","1","0","1","1","L16,L26"
"CAS:26002-80-2","Phenothrin","Group-II","0","1","0","1","1","L6,L8,L27"
"CAS:30560-19-1","Acephate","Group-II","0","1","0","1","1","L6,L16,L24,L35"
"CAS:35554-44-0","Enilconazole","Group-II","0","1","0","1","1","L8,L20"
"CAS:51630-58-1","Fenvalerate","Group-II","0","1","0","1","1","L8,L16,L19,L24,L31,L35"
"CAS:52-68-6","Trichlorfon","Group-II","0","1","0","1","1","L6,L9,L24,L31,L35"
"CAS:52315-07-8","Cypermethrin","Group-II","0","1","0","1","1","L6,L9,L14,L16,L18,L27,L34"
"CAS:52918-63-5","Deltamethrin","Group-II","0","1","0","1","1","L6,L9,L13,L14,L16,L27,L31,L34"
"CAS:59536-65-1","Firemaster Bp-6","Group-II","0","1","0","1","1","L6,L21,L31"
"CAS:60168-88-9","Fenarimol","Group-II","0","1","0","1","1","L8,L18,L20,L35"
"CAS:60207-90-1","Propiconazole","Group-II","0","1","0","1","1","L14,L20,L29"
"CAS:62-73-7","Dichlorvos","Group-II","0","1","0","1","1","L6,L8,L16,L27,L31,L32,L34,L35"
"CAS:72-48-0","1,2-Dihydroxy-9,10-anthracenedione","Group-II","0","1","0","1","1","L3,L20"
"CAS:7696-12-0","Tetramethrin","Group-II","0","1","0","1","1","L6,L14,L20"
"CAS:77-40-7","Bisphenol B","Group-II","0","1","0","1","1","L12,L27"
"CAS:88671-89-0","Myclobutanil","Group-II","0","1","0","1","1","L6,L20"
"CAS:94-13-3","Propyl p-hydroxybenzoate","Group-II","0","1","0","1","1","L2,L4,L6,L8,L9,L11,L12,L13,L15,L27,L29"
"CAS:94-18-8","Benzyl p-hydroxybenzoate","Group-II","0","1","0","1","1","L13,L20,L27"
"CAS:94-26-8","Butyl p-hydroxybenzoate","Group-II","0","1","0","1","1","L2,L4,L6,L8,L9,L12,L15,L27,L29"
"CAS:94361-06-5","Cyproconazole","Group-II","0","1","0","1","1","L14,L20,L34"
"CAS:111988-49-9","Thiacloprid","Group-II","0","1","0","1","0","L14,L20"
"CAS:133-06-2","Captan","Group-II","0","1","0","1","0","L6,L12,L15,L16,L20,L31,L32"
"CAS:13356-08-6","Fenbutatin oxide","Group-II","0","1","0","1","0","L6,L8,L35"
"CAS:138261-41-3","Imidacloprid","Group-II","0","1","0","1","0","L6,L14,L16,L24"
"CAS:148-18-5","Ditiocarb sodium","Group-II","0","1","0","1","0","L13,L31"
"CAS:16423-68-0","Acid Red 51","Group-II","0","1","0","1","0","L3,L6,L9,L12,L15,L20"
"CAS:18540-29-9","Chromium hexavalent ion","Group-II","0","1","0","1","0","L6,L20,L21,L23,L26,L31,L32"
"CAS:205-99-2","Benzo(b)fluoranthene","Group-II","0","1","0","1","0","L6,L20,L21,L26,L27,L29,L31"
"CAS:207-08-9","Benzo(k)fluoranthene","Group-II","0","1","0","1","0","L6,L20,L21,L22,L26,L27,L29,L31"
"CAS:3825-26-1","FC-143 surfactant","Group-II","0","1","0","1","0","L11,L13,L20,L22,L27,L29,L34"
"CAS:4191-73-5","Isopropylparaben","Group-II","0","1","0","1","0","L6,L11,L13,L20"
"CAS:4247-02-3","Isobutyl p-hydroxybenzoate","Group-II","0","1","0","1","0","L6,L20"
"CAS:501-30-4","Kojic acid","Group-II","0","1","0","1","0","L6,L8,L31"
"CAS:53-70-3","Dibenz(a,h)anthracene","Group-II","0","1","0","1","0","L6,L20,L21,L26,L27,L29,L31"
"CAS:55566-30-8","Tetrakis(hydroxymethyl)phosphonium sulfate","Group-II","0","1","0","1","0","L12,L13,L14,L31"
"CAS:569-64-2","Malachite green","Group-II","0","1","0","1","0","L9,L20"
"CAS:611-99-4","4,4'-Dihydoxy-benzophenone","Group-II","0","1","0","1","0","L11,L13,L29"
"CAS:71751-41-2","Abamectin","Group-II","0","1","0","1","0","L6,L9,L14,L20"
"CAS:731-27-1","Tolylfluanid","Group-II","0","1","0","1","0","L14,L35"
"CAS:76-87-9","Triphenyltin hydroxide","Group-II","0","1","0","1","0","L8,L18,L20,L29,L30,L35"
"CAS:85509-19-9","Flusilazole","Group-II","0","1","0","1","0","L8,L20,L29"
"CAS:900-95-8","Phentin acetate","Group-II","0","1","0","1","0","L8,L18,L20,L29,L35"
"CAS:133-07-3","Folpet","Group-II","0","1","0","0","0","L6,L8,L14,L20,L27,L34"
"CAS:14797-55-8","Nitrate ion","Group-II","0","1","0","0","0","L8,L9,L26"
"CAS:149-29-1","Patulin","Group-II","0","1","0","0","0","L8,L9,L31"
"CAS:23564-05-8","Thiophanate-methyl","Group-II","0","1","0","0","0","L6,L20,L24"
"CAS:24017-47-8","Triazophos","Group-II","0","1","0","0","0","L16,L19,L35"
"CAS:2425-06-1","Captafol","Group-II","0","1","0","0","0","L8,L18,L20,L24,L31,L35"
"CAS:303-47-9","Ochratoxin A","Group-II","0","1","0","0","0","L8,L9,L31"
"CAS:52-01-7","Spironolactone","Group-II","0","1","0","0","0","L8,L20,L31"
"CAS:523-31-9","Dibenzyl phthalate","Group-II","0","1","0","0","0","L12,L27"
"CAS:54-85-3","Isoniazid","Group-II","0","1","0","0","0","L8,L20,L31"
"CAS:65277-42-1","Ketoconazole","Group-II","0","1","0","0","0","L8,L20,L29"
"CAS:67375-30-8","Alpha-Cypermethrin","Group-II","0","1","0","0","0","L9,L14,L16,L34"
"CAS:7440-42-8","Boron","Group-II","0","1","0","0","0","L8,L23"
"CAS:77-94-1","Tributyl citrate","Group-II","0","1","0","0","0","L6,L12,L13,L26"
"CAS:91465-08-6","Lambda-Cyhalothrin","Group-II","0","1","0","0","0","L6,L14,L16,L34"
"CAS:72-20-8","Endrin","Group-II","0","0","1","1","1","L8,L18,L20,L24,L26,L27,L31,L32,L35"
"CAS:72490-01-8","Fenoxycarb","Group-II","0","0","1","1","1","L14,L20"
"CAS:129-00-0","Pyrene","Group-II","0","0","1","1","0","L12,L22,L26,L27,L29,L31"
"CAS:6190-65-4","Desethyl atrazine","Group-II","0","0","1","0","1","L8,L26"
"CAS:298-02-2","Phorate","Group-II","0","0","1","0","0","L8,L16,L19,L27,L32,L33"
"CAS:7439-97-6","Mercury","Group-II","0","0","1","0","0","L6,L8,L9,L20,L21,L23,L24,L26,L29,L30,L31"
"CAS:103-16-2","Monobenzone","Group-II","0","0","0","1","1","L12,L20"
"CAS:10453-86-8","Resmethrin","Group-II","0","0","0","1","1","L6,L27"
"CAS:121552-61-2","Cyprodinil","Group-II","0","0","0","1","1","L8,L27"
"CAS:13171-00-1","Acetyl tert-butyl dimethylindan","Group-II","0","0","0","1","1","L2,L8,L9,L12,L27"
"CAS:15323-35-0","Acetyl hexamethyl indan","Group-II","0","0","0","1","1","L2,L27"
"CAS:16752-77-5","Methomyl","Group-II","0","0","0","1","1","L8,L18,L19,L26,L35"
"CAS:189084-64-8","Pentabrominated diphenyl ether 100","Group-II","0","0","0","1","1","L8,L27"
"CAS:22781-23-3","Bendiocarb","Group-II","0","0","0","1","1","L14,L27"
"CAS:311-45-5","Paraoxon","Group-II","0","0","0","1","1","L8,L20,L32,L33"
"CAS:41318-75-6","Tribromodiphenyl ether 28","Group-II","0","0","0","1","1","L8,L27"
"CAS:41814-78-2","Tricyclazole","Group-II","0","0","0","1","1","L8,L35"
"CAS:51-03-6","Piperonyl butoxide","Group-II","0","0","0","1","1","L6,L12,L14,L27,L31"
"CAS:520-18-3","Kaempferol","Group-II","0","0","0","1","1","L8,L31"
"CAS:563-12-2","Ethion","Group-II","0","0","0","1","1","L9,L16,L33,L35"
"CAS:57-68-1","Sulfamethazine","Group-II","0","0","0","1","1","L8,L9,L31"
"CAS:68085-85-8","Cyhalothrin","Group-II","0","0","0","1","1","L9,L34,L35"
"CAS:68359-37-5","Cyfluthrin","Group-II","0","0","0","1","1","L6,L9,L14,L34,L35"
"CAS:68631-49-2","Hexabrominated diphenyl ether 153","Group-II","0","0","0","1","1","L8,L27"
"CAS:77-09-8","Phenolphthalein","Group-II","0","0","0","1","1","L6,L20,L22,L29,L31"
"CAS:87-66-1","Pyrogallol","Group-II","0","0","0","1","1","L8,L20"
"CAS:96-09-3","Styrene-7,8-oxide","Group-II","0","0","0","1","1","L2,L12,L20,L29,L31"
"CAS:10380-28-6","Oxine-copper","Group-II","0","0","0","1","0","L12,L31"
"CAS:1085-12-7","Heptylparaben","Group-II","0","0","0","1","0","L8,L12,L27"
"CAS:120-58-1","Isosafrole","Group-II","0","0","0","1","0","L2,L31"
"CAS:131-53-3","Dioxybenzone","Group-II","0","0","0","1","0","L11,L13,L27"
"CAS:1918-00-9","Dicamba","Group-II","0","0","0","1","0","L6,L26"
"CAS:193-39-5","Indeno(1,2,3-cd)pyrene","Group-II","0","0","0","1","0","L6,L26,L31"
"CAS:207122-16-5","2,2',3,4,4',6,6'-Heptabromodiphenyl ether","Group-II","0","0","0","1","0","L8,L27"
"CAS:21564-17-0","TCMTB","Group-II","0","0","0","1","0","L12,L13,L14,L27"
"CAS:218-01-9","Chrysene","Group-II","0","0","0","1","0","L6,L20,L21,L22,L26,L27,L29,L31"
"CAS:23184-66-9","Butachlor","Group-II","0","0","0","1","0","L16,L26"
"CAS:2353-45-9","Fast Green FCF","Group-II","0","0","0","1","0","L2,L3,L6,L8,L9,L12,L15,L17,L20,L31"
"CAS:56-36-0","Tributyltin acetate","Group-II","0","0","0","1","0","L12,L30"
"CAS:584-79-2","Allethrin","Group-II","0","0","0","1","0","L6,L14,L27"
"CAS:65195-55-3","Abamectin Component B1a","Group-II","0","0","0","1","0","L9,L20"
"CAS:66-25-1","Hexaldehyde","Group-II","0","0","0","1","0","L2,L8,L9,L10,L12,L17,L27"
"CAS:68140-48-7","Traseolide","Group-II","0","0","0","1","0","L2,L27"
"CAS:7440-39-3","Barium","Group-II","0","0","0","1","0","L6,L8,L26"
"CAS:7646-79-9","Cobaltous chloride","Group-II","0","0","0","1","0","L8,L20,L22,L29"
"CAS:86-73-7","Fluorene","Group-II","0","0","0","1","0","L8,L26,L27,L31"
"CAS:9036-19-5","Polyethylene glycol mono(octylphenyl) ether","Group-II","0","0","0","1","0","L2,L6,L29"
"CAS:118-75-2","Chloranil","Group-II","0","0","0","0","1","L12,L32"
"CAS:2310-17-0","Phosalone","Group-II","0","0","0","0","1","L9,L16,L32,L35"
"CAS:6923-22-4","Monocrotophos","Group-II","0","0","0","0","1","L8,L16,L18,L19,L20,L24,L30,L35"
"CAS:82657-04-3","Bifenthrin","Group-II","0","0","0","0","1","L6,L14,L20,L27,L34"
"CAS:122-34-9","Simazine","Group-III","1","1","1","1","1","L18,L20,L26,L31,L35"
"CAS:330-55-2","Linuron","Group-III","1","1","1","1","1","L18,L20,L35"
"CAS:34256-82-1","Acetochlor","Group-III","1","1","1","1","1","L26,L35"
"CAS:50471-44-8","Vinclozolin","Group-III","1","1","1","1","1","L20,L35"
"CAS:67747-09-5","Prochloraz","Group-III","1","1","1","1","1","L24"
"CAS:1163-19-5","Decabromobiphenyl ether","Group-III","1","1","1","1","0","L21,L22,L27,L29,L31,L32"
"CAS:1836-75-5","Nitrofen","Group-III","1","1","0","1","1","L18,L19,L20,L31,L35"
"CAS:2212-67-1","Molinate","Group-III","1","1","0","1","1","L20"
"CAS:298-00-0","Methyl parathion","Group-III","1","1","0","1","1","L18,L19,L24,L27,L30,L31,L32,L33,L35"
"CAS:55219-65-3","Triadimenol","Group-III","1","1","0","1","1","L20"
"CAS:76-03-9","Trichloroacetic acid","Group-III","1","1","0","1","1","L18,L20,L26,L31"
"CAS:834-12-8","Ametryn","Group-III","1","1","0","1","1","L35"
"CAS:88-06-2","2,4,6-Trichlorophenol","Group-III","1","1","0","1","1","L20,L31"
"CAS:100-01-6","4-Nitroaniline","Group-III","1","1","0","1","0","L28,L32"
"CAS:101-80-4","Bis(4-aminophenyl) ether","Group-III","1","1","0","1","0","L20,L22,L29,L31"
"CAS:10265-92-6","Methamidophos","Group-III","1","1","0","1","0","L19,L24,L30,L32,L35"
"CAS:1327-53-3","Arsenic trioxide","Group-III","1","1","0","1","0","L21,L22,L29,L30,L32,L33"
"CAS:13674-87-8","Tris(1,3-dichloro-2-propyl)phosphate","Group-III","1","1","0","1","0","L20,L27,L29"
"CAS:15545-48-9","Chlorotoluron","Group-III","1","1","0","1","0","L20"
"CAS:4170-30-3","2-Butenal","Group-III","1","1","0","1","0","L20,L31"
"CAS:678-39-7","1H,1H,2H,2H-Perfluorodecanol","Group-III","1","1","0","1","0","L27"
"CAS:709-98-8","Propanil","Group-III","1","1","0","1","0","L26,L35"
"CAS:7786-81-4","Nickel sulfate","Group-III","1","1","0","1","0","L20,L29,L36"
"CAS:7790-98-9","Ammonium perchlorate","Group-III","1","1","0","1","0","L28"
"CAS:999-81-5","Chlormequat","Group-III","1","1","0","1","0","L32"
"CAS:10325-94-7","Cadmium nitrate","Group-III","1","1","0","0","0","L20,L21,L22,L29"
"CAS:106-94-5","1-Bromopropane","Group-III","1","1","0","0","0","L20,L22,L29,L31,L36"
"CAS:26040-51-7","Bis(2-ethylhexyl) 2,3,4,5-tetrabromophthalate","Group-III","1","1","0","0","0","L27,L29"
"CAS:3194-55-6","1,2,5,6,9,10-Hexabromocyclododecane","Group-III","1","1","0","0","0","L20,L22,L27,L29"
"CAS:1918-02-1","Picloram","Group-III","1","0","1","0","1","L26,L31"
"CAS:298-46-4","Carbamazepine","Group-III","1","0","1","0","0","L27"
"CAS:29232-93-7","Pirimiphos-methyl","Group-III","1","0","0","1","1","L24,L34"
"CAS:32534-81-9","Pentabromodiphenyl ethers","Group-III","1","0","0","1","1","L32,L35"
"CAS:51-28-5","2,4-Dinitrophenol","Group-III","1","0","0","1","1","L20"
"CAS:51218-45-2","Metolachlor","Group-III","1","0","0","1","1","L26,L27"
"CAS:99-65-0","1,3-Dinitrobenzene","Group-III","1","0","0","1","1","L27"
"CAS:106-88-7","1-Butene oxide","Group-III","1","0","0","1","0","L20,L31,L36"
"CAS:32536-52-0","Octabromodiphenyl ethers","Group-III","1","0","0","1","0","L20,L21,L29,L32,L35"
"CAS:612-83-9","3,3'-Dichlorobenzidine dihydrochloride","Group-III","1","0","0","1","0","L20,L29"
"CAS:64742-95-6","Aromatic naphtha, type I","Group-III","1","0","0","1","0","L20,L29"
"CAS:7718-54-9","Nickel chloride","Group-III","1","0","0","1","0","L18,L20,L29,L36"
"CAS:8002-05-9","Petroleum","Group-III","1","0","0","1","0","L20,L31"
"CAS:95-55-6","2-Aminophenol","Group-III","1","0","0","1","0","L20,L32"
"CAS:106-93-4","Ethylene dibromide","Group-III","1","0","0","0","1","L18,L19,L20,L23,L24,L26,L27,L29,L31,L32,L33,L35"
"CAS:2764-72-9","Diquat","Group-III","1","0","0","0","1","L26"
"CAS:86-50-0","Azinphos-methyl","Group-III","1","0","0","0","1","L18,L27,L32,L33,L35"
"CAS:122-14-5","Fenitrothion","Group-III","0","1","1","1","1","L18,L34,L35"
"CAS:1746-01-6","Tetrachlorodibenzodioxin","Group-III","0","1","1","1","1","L20,L26,L27,L31"
"CAS:31508-00-6","2,3',4,4',5-Pentachlorobiphenyl","Group-III","0","1","1","1","1","L27"
"CAS:32598-13-3","3,4,3',4'-Tetrachlorobiphenyl","Group-III","0","1","1","1","1","L27"
"CAS:32774-16-6","3,4,5,3',4',5'-Hexachlorobiphenyl","Group-III","0","1","1","1","1","L27"
"CAS:32809-16-8","Procymidone","Group-III","0","1","1","1","1","L35"
"CAS:35065-27-1","2,4,5,2',4',5'-Hexachlorobiphenyl","Group-III","0","1","1","1","1","L27"
"CAS:53-19-0","Mitotane","Group-III","0","1","1","1","1","L27"
"CAS:57465-28-8","3,4,5,3',4'-Pentachlorobiphenyl","Group-III","0","1","1","1","1","L27,L31"
"CAS:60-57-1","Dieldrin","Group-III","0","1","1","1","1","L18,L19,L20,L24,L26,L27,L31,L35"
"CAS:72-43-5","Methoxychlor","Group-III","0","1","1","1","1","L24,L26,L27,L31"
"CAS:72-54-8","Dichlorodiphenyldichloroethane","Group-III","0","1","1","1","1","L24,L27"
"CAS:72-55-9","Dichlorodiphenyl dichloroethylene","Group-III","0","1","1","1","1","L27"
"CAS:76-44-8","Heptachlor","Group-III","0","1","1","1","1","L18,L20,L24,L26,L27,L31,L32,L35"
"CAS:789-02-6","o,p'-DDT","Group-III","0","1","1","1","1","L27"
"CAS:95-95-4","2,4,5-Trichlorophenol","Group-III","0","1","1","1","1","L32"
"CAS:96-12-8","1,2-Dibromo-3-chloropropane","Group-III","0","1","1","1","1","L20,L26,L29,L31"
"CAS:10108-64-2","Cadmium chloride","Group-III","0","1","1","1","0","L20,L21,L22,L29"
"CAS:375-95-1","Perfluoro-n-nonanoic acid","Group-III","0","1","1","1","0","L22,L26,L27,L29"
"CAS:10540-29-1","Tamoxifen","Group-III","0","1","1","0","0","L31"
"CAS:51-52-5","Propyl thiouracil","Group-III","0","1","1","0","0","L31"
"CAS:1137-42-4","4-Hydroxybenzophenone","Group-III","0","1","0","1","1","L27"
"CAS:13595-25-0","Phenol, 4,4'-(1,3-phenylenebis(1-methylethylidene))bis-","Group-III","0","1","0","1","1","L20"
"CAS:1689-82-3","4-Hydroxyazobenzene","Group-III","0","1","0","1","1","L31"
"CAS:1689-84-5","Bromoxynil","Group-III","0","1","0","1","1","L20"
"CAS:2104-64-5","Ethyl p-nitrophenyl benzenethiophosphonate","Group-III","0","1","0","1","1","L18,L32,L33"
"CAS:21725-46-2","Cyanazine","Group-III","0","1","0","1","1","L26,L35"
"CAS:2795-39-3","Potassium perfluorooctanesulfonate","Group-III","0","1","0","1","1","L20,L29,L30"
"CAS:309-00-2","Aldrin","Group-III","0","1","0","1","1","L18,L19,L20,L24,L26,L27,L31,L32,L35"
"CAS:33089-61-1","Amitraz","Group-III","0","1","0","1","1","L35"
"CAS:35693-99-3","2,5,2',5'-Tetrachlorobiphenyl","Group-III","0","1","0","1","1","L27"
"CAS:38380-08-4","2,3,3',4,4',5-Hexachlorobiphenyl","Group-III","0","1","0","1","1","L27"
"CAS:470-90-6","Chlorfenvinphos","Group-III","0","1","0","1","1","L18,L32,L33,L35"
"CAS:50585-41-6","2,3,7,8-Tetrabromodibenzo-4-dioxin","Group-III","0","1","0","1","1","L27"
"CAS:55179-31-2","Bitertanol","Group-III","0","1","0","1","1","L35"
"CAS:556-52-5","Glycidol","Group-III","0","1","0","1","1","L20,L29,L31"
"CAS:6164-98-3","Chlordimeform","Group-III","0","1","0","1","1","L19,L20,L24,L31,L35"
"CAS:625-45-6","Methoxyacetic acid","Group-III","0","1","0","1","1","L20,L22,L29"
"CAS:631-64-1","Dibromoacetic acid","Group-III","0","1","0","1","1","L26,L31"
"CAS:66-81-9","Cycloheximide","Group-III","0","1","0","1","1","L20,L29,L32,L33"
"CAS:66230-04-4","Esfenvalerate","Group-III","0","1","0","1","1","L27"
"CAS:66246-88-6","Penconazole","Group-III","0","1","0","1","1","L20"
"CAS:7012-37-5","2,4,4'-Trichlorobiphenyl","Group-III","0","1","0","1","1","L27"
"CAS:79-43-6","Dichloroacetic acid","Group-III","0","1","0","1","1","L26,L31"
"CAS:87-65-0","2,6-Dichlorophenol","Group-III","0","1","0","1","1","L32"
"CAS:94-82-6","4-(2,4-Dichlorophenoxy)butyric acid","Group-III","0","1","0","1","1","L26"
"CAS:1002-53-5","Di-n-butyltin","Group-III","0","1","0","1","0","L29,L35"
"CAS:106-47-8","4-Chloroaniline","Group-III","0","1","0","1","0","L29,L31,L32"
"CAS:115-09-3","Methylmercuric chloride","Group-III","0","1","0","1","0","L29"
"CAS:116-29-0","Tetradifon","Group-III","0","1","0","1","0","L18,L24"
"CAS:117-82-8","Bis(2-methoxyethyl) phthalate","Group-III","0","1","0","1","0","L20,L22,L27,L29"
"CAS:120-71-8","p-Cresidine","Group-III","0","1","0","1","0","L20,L22,L29,L31"
"CAS:123-88-6","Neanthine","Group-III","0","1","0","1","0","L18"
"CAS:129-73-7","Leucomalachite green","Group-III","0","1","0","1","0","L20"
"CAS:131-18-0","Diamyl phthalate","Group-III","0","1","0","1","0","L20,L22,L27,L29"
"CAS:1571-75-1","1,1-Bis(4-hydroxyphenyl)-1-phenylethane","Group-III","0","1","0","1","0","L27"
"CAS:16065-83-1","Chromium, ion (Cr3 )","Group-III","0","1","0","1","0","L31"
"CAS:2058-94-8","Perfluoro-n-undecanoic acid","Group-III","0","1","0","1","0","L22,L27,L29"
"CAS:208-96-8","Acenaphthylene","Group-III","0","1","0","1","0","L26,L27"
"CAS:2167-51-3","Bisphenol P","Group-III","0","1","0","1","0","L27"
"CAS:301-04-2","Lead acetate","Group-III","0","1","0","1","0","L22,L29"
"CAS:307-55-1","Perfluorododecanoic acid","Group-III","0","1","0","1","0","L22,L27,L29"
"CAS:319-85-7","beta-Hexachlorocyclohexane","Group-III","0","1","0","1","0","L27,L35"
"CAS:3252-43-5","Dibromoacetonitrile","Group-III","0","1","0","1","0","L31"
"CAS:3322-93-8","1,2-Dibromo-4-(1,2-dibromoethyl)cyclohexane","Group-III","0","1","0","1","0","L27"
"CAS:335-76-2","Perfluorodecanoic acid","Group-III","0","1","0","1","0","L20,L22,L27,L29"
"CAS:355-46-4","Perfluorohexanesulfonic acid","Group-III","0","1","0","1","0","L22,L26,L27,L29"
"CAS:375-73-5","1-Perfluorobutanesulfonic acid","Group-III","0","1","0","1","0","L22,L26,L27,L29"
"CAS:3846-71-7","2-(2'-Hydroxy-3',5'-di-tert-butylphenyl)benzotriazole","Group-III","0","1","0","1","0","L22,L29"
"CAS:39227-28-6","1,2,3,4,7,8-Hexachlorodibenzodioxin","Group-III","0","1","0","1","0","L27"
"CAS:40321-76-4","1,2,3,7,8-Pentachlorodibenzo-p-dioxin","Group-III","0","1","0","1","0","L27"
"CAS:57117-31-4","2,3,4,7,8-Pentachlorodibenzofuran","Group-III","0","1","0","1","0","L27,L31"
"CAS:573-58-0","Congo red","Group-III","0","1","0","1","0","L20,L22,L29"
"CAS:639-58-7","Triphenyltin chloride","Group-III","0","1","0","1","0","L29,L32"
"CAS:6807-17-6","4,4'-(4-Methylpentane-2,2-diyl)diphenol","Group-III","0","1","0","1","0","L20,L22,L29"
"CAS:688-73-3","Tributyltin","Group-III","0","1","0","1","0","L24,L29,L35"
"CAS:7784-46-5","Sodium arsenite","Group-III","0","1","0","1","0","L21,L24,L30,L32"
"CAS:843-55-0","4,4'-Cyclohexylidenebisphenol","Group-III","0","1","0","1","0","L27"
"CAS:88-29-9","Versalide","Group-III","0","1","0","1","0","L20"
"CAS:892-20-6","Triphenyltin","Group-III","0","1","0","1","0","L27"
"CAS:12408-10-5","Tetrachlorobenzene (mixed isomers)","Group-III","0","1","0","0","1","L24"
"CAS:133855-98-8","Epoxiconazole","Group-III","0","1","0","0","1","L20"
"CAS:139-40-2","Propazine","Group-III","0","1","0","0","1","L20"
"CAS:67733-57-7","Dibenzofuran, 2,3,7,8-tetrabromo-","Group-III","0","1","0","0","1","L27"
"CAS:101043-37-2","Cyanoginosin LR","Group-III","0","1","0","0","0","L31"
"CAS:106-87-6","Vinylcyclohexene dioxide","Group-III","0","1","0","0","0","L20,L31"
"CAS:126-72-7","Tris(2,3-dibromo-1-propyl) phosphate","Group-III","0","1","0","0","0","L21,L24,L27,L31,L35"
"CAS:13121-70-5","Cyhexatin","Group-III","0","1","0","0","0","L24,L30,L35"
"CAS:13292-46-1","Rifampin","Group-III","0","1","0","0","0","L31"
"CAS:183658-27-7","2-Ethylhexyltetrabromobenzoate","Group-III","0","1","0","0","0","L27"
"CAS:2279-76-7","Tripropyltin chloride","Group-III","0","1","0","0","0","L29"
"CAS:24353-61-5","BAY 93820","Group-III","0","1","0","0","0","L19"
"CAS:3278-89-5","1,3,5-Tribromo-2-(prop-2-en-1-yloxy)benzene","Group-III","0","1","0","0","0","L27"
"CAS:50-06-6","Phenobarbital","Group-III","0","1","0","0","0","L31"
"CAS:50-18-0","Cyclophosphamide","Group-III","0","1","0","0","0","L20,L31"
"CAS:50-41-9","Clomiphene citrate","Group-III","0","1","0","0","0","L31"
"CAS:50-55-5","Reserpine","Group-III","0","1","0","0","0","L31"
"CAS:51-24-1","3,3',5-Triiodothyroacetic acid","Group-III","0","1","0","0","0","L20"
"CAS:543-90-8","Cadmium acetate","Group-III","0","1","0","0","0","L21"
"CAS:55-18-5","N-Nitrosodiethylamine","Group-III","0","1","0","0","0","L31"
"CAS:55-65-2","Guanethidine","Group-III","0","1","0","0","0","L20"
"CAS:55-98-1","Busulfan","Group-III","0","1","0","0","0","L31"
"CAS:57-85-2","Testosterone propionate","Group-III","0","1","0","0","0","L31"
"CAS:59865-13-3","Cyclosporin A","Group-III","0","1","0","0","0","L31"
"CAS:605-50-5","Diisopentyl phthalate","Group-III","0","1","0","0","0","L20,L22,L29"
"CAS:64-86-8","Colchicine","Group-III","0","1","0","0","0","L20,L29"
"CAS:71-58-9","Medroxyprogesterone 17-acetate","Group-III","0","1","0","0","0","L31"
"CAS:71868-10-5","2-Methyl-4'-(methylthio)-2-morpholinopropiophenone","Group-III","0","1","0","0","0","L20,L22,L29"
"CAS:75-26-3","2-Bromopropane","Group-III","0","1","0","0","0","L20,L29"
"CAS:75-27-4","Bromodichloromethane","Group-III","0","1","0","0","0","L26,L31"
"CAS:78-32-0","Tri-p-cresyl phosphate","Group-III","0","1","0","0","0","L27,L36"
"CAS:838-85-7","Phosphoric acid, diphenyl ester","Group-III","0","1","0","0","0","L27"
"CAS:84852-53-9","Decabromodiphenyl ethane","Group-III","0","1","0","0","0","L27,L29"
"CAS:86386-73-4","Fluconazole","Group-III","0","1","0","0","0","L27"
"CAS:86763-47-5","Propisochlor","Group-III","0","1","0","0","0","L35"
"CAS:87392-12-9","S-Metolachlor","Group-III","0","1","0","0","0","L27"
"CAS:99717-56-3","2-bromoallyl 2,4,6-tribromophenylether(bate)","Group-III","0","1","0","0","0","L27"
"CAS:104-51-8","n-Butylbenzene","Group-III","0","0","1","1","1","L26"
"CAS:314-40-9","Bromacil","Group-III","0","0","1","1","1","L26"
"CAS:35065-28-2","2,2',3',4,4',5-Hexachlorobiphenyl","Group-III","0","0","1","1","1","L27"
"CAS:35065-29-3","PCB 180","Group-III","0","0","1","1","1","L27"
"CAS:51207-31-9","2,3,7,8-Tetrachlorodibenzofuran","Group-III","0","0","1","1","1","L27"
"CAS:82-68-8","Quintozene","Group-III","0","0","1","1","1","L18,L26,L31,L35"
"CAS:93-76-5","2,4,5-T","Group-III","0","0","1","1","1","L18,L27,L35"
"CAS:1024-57-3","Heptachlor epoxide","Group-III","0","0","1","1","0","L20,L26"
"CAS:5103-73-1","cis-Nonachlor","Group-III","0","0","1","1","0","L27"
"CAS:124-48-1","Chlorodibromomethane","Group-III","0","0","1","0","0","L26,L31"
"CAS:27304-13-8","Oxychlordane","Group-III","0","0","1","0","0","L27"
"CAS:3268-87-9","Octachlorodibenzo-p-dioxin","Group-III","0","0","1","0","0","L27"
"CAS:335-77-3","Perfluorodecane sulfonic acid","Group-III","0","0","1","0","0","L29"
"CAS:35822-46-9","Heptachlorodibenzo-p-dioxin","Group-III","0","0","1","0","0","L27"
"CAS:4640-01-1","Methyl triclosan","Group-III","0","0","1","0","0","L27"
"CAS:5103-71-9","alpha-Chlordane","Group-III","0","0","1","0","0","L26"
"CAS:56-72-4","Coumaphos","Group-III","0","0","1","0","0","L19,L32"
"CAS:58-73-1","Diphenhydramine","Group-III","0","0","1","0","0","L20"
"CAS:668-34-8","Fentin","Group-III","0","0","1","0","0","L29"
"CAS:87-68-3","Hexachloro-1,3-butadiene","Group-III","0","0","1","0","0","L26,L29,L31,L35"
"CAS:944-22-9","Fonofos","Group-III","0","0","1","0","0","L19,L26"
"CAS:1007-28-9","6-Deisopropylatrazine","Group-III","0","0","0","1","1","L26"
"CAS:101-21-3","Chlorpropham","Group-III","0","0","0","1","1","L20,L24,L31"
"CAS:111483-93-3","Ugilec 141","Group-III","0","0","0","1","1","L35"
"CAS:116-06-3","Aldicarb","Group-III","0","0","0","1","1","L18,L19,L26,L31,L32,L33,L35"
"CAS:131-16-8","Di-n-propylphthalate","Group-III","0","0","0","1","1","L27"
"CAS:1689-83-4","Ioxynil","Group-III","0","0","0","1","1","L20"
"CAS:182346-21-0","PBDE 85","Group-III","0","0","0","1","1","L27"
"CAS:18854-01-8","Isoxathion","Group-III","0","0","0","1","1","L35"
"CAS:19666-30-9","Oxadiazon","Group-III","0","0","0","1","1","L34"
"CAS:1982-47-4","Chloroxuron","Group-III","0","0","0","1","1","L32"
"CAS:20427-84-3","Nonoxynol-2","Group-III","0","0","0","1","1","L22,L29"
"CAS:2051-24-3","Decachlorobiphenyl","Group-III","0","0","0","1","1","L27"
"CAS:2051-62-9","4-Chlorobiphenyl","Group-III","0","0","0","1","1","L27"
"CAS:23135-22-0","Oxamyl","Group-III","0","0","0","1","1","L26"
"CAS:23950-58-5","Propyzamide","Group-III","0","0","0","1","1","L20"
"CAS:2593-15-9","Etridiazole","Group-III","0","0","0","1","1","L20"
"CAS:307-24-4","Perfluorohexanoic acid","Group-III","0","0","0","1","1","L26,L27"
"CAS:32598-14-4","2,3,3',4,4'-Pentachlorobiphenyl","Group-III","0","0","0","1","1","L27"
"CAS:33204-76-1","Quadrosilan","Group-III","0","0","0","1","1","L29"
"CAS:3739-38-6","3-Phenoxybenzoic acid","Group-III","0","0","0","1","1","L27"
"CAS:375-22-4","Perfluorobutyric acid","Group-III","0","0","0","1","1","L26"
"CAS:375-85-9","Perfluoro-n-heptanoic acid","Group-III","0","0","0","1","1","L26,L27"
"CAS:534-52-1","DNOC","Group-III","0","0","0","1","1","L20,L24,L35"
"CAS:57018-04-9","Tolclofos-methyl","Group-III","0","0","0","1","1","L27"
"CAS:57117-41-6","1,2,3,7,8-Pentachlorodibenzofuran","Group-III","0","0","0","1","1","L27"
"CAS:608-71-9","Pentabromophenol","Group-III","0","0","0","1","1","L32"
"CAS:60851-34-5","2,3,4,6,7,8-Hexachlorodibenzofuran","Group-III","0","0","0","1","1","L27"
"CAS:69806-50-4","Fluazifop-butyl","Group-III","0","0","0","1","1","L20"
"CAS:70-30-4","Hexachlorophene","Group-III","0","0","0","1","1","L20,L31"
"CAS:70648-26-9","1,2,3,4,7,8-Hexachlorodibenzofuran","Group-III","0","0","0","1","1","L27"
"CAS:74472-37-0","2,3,4,4'5-Pentachlorobiphenyl","Group-III","0","0","0","1","1","L27"
"CAS:7786-34-7","Mevinphos","Group-III","0","0","0","1","1","L18,L32,L33"
"CAS:93-72-1","Fenoprop","Group-III","0","0","0","1","1","L26"
"CAS:10102-18-8","Sodium selenite","Group-III","0","0","0","1","0","L32,L33"
"CAS:119-90-4","3,3'-Dimethoxybenzidine","Group-III","0","0","0","1","0","L20,L29,L31"
"CAS:13071-79-9","Terbufos","Group-III","0","0","0","1","0","L19,L32,L35"
"CAS:132-65-0","Dibenzothiophene","Group-III","0","0","0","1","0","L31"
"CAS:134237-50-6","alpha-Hexabromocyclododecane","Group-III","0","0","0","1","0","L22,L29"
"CAS:134237-51-7","beta-Hexabromocyclododecane","Group-III","0","0","0","1","0","L22,L29"
"CAS:134237-52-8","gamma-Hexabromocyclododecane","Group-III","0","0","0","1","0","L22,L29"
"CAS:14484-64-1","Ferbam","Group-III","0","0","0","1","0","L18,L31,L35"
"CAS:148-24-3","Oxyquinoline","Group-III","0","0","0","1","0","L20,L29,L31"
"CAS:1596-84-5","Daminozide","Group-III","0","0","0","1","0","L19,L20"
"CAS:17696-62-7","Phenylparaben","Group-III","0","0","0","1","0","L20"
"CAS:1861-32-1","Chlorthal-dimethyl","Group-III","0","0","0","1","0","L26,L27,L35"
"CAS:189-55-9","Dibenzo(a,i)pyrene","Group-III","0","0","0","1","0","L29,L31"
"CAS:189-64-0","Dibenzo(a,h)pyrene","Group-III","0","0","0","1","0","L31"
"CAS:191-30-0","Dibenzo(a,l)pyrene","Group-III","0","0","0","1","0","L31"
"CAS:192-65-4","Dibenzo(a,e)pyrene","Group-III","0","0","0","1","0","L31"
"CAS:192-97-2","Benzo(e)pyrene","Group-III","0","0","0","1","0","L20,L21,L27,L29,L31"
"CAS:1937-37-7","C.I. Direct Black 38","Group-III","0","0","0","1","0","L20,L22,L29,L31"
"CAS:195-19-7","3,4-Benzphenanthrene","Group-III","0","0","0","1","0","L27,L31"
"CAS:198-55-0","Perylene","Group-III","0","0","0","1","0","L31"
"CAS:2043-47-2","1-Hexanol, 3,3,4,4,5,5,6,6,6-nonafluoro-","Group-III","0","0","0","1","0","L27"
"CAS:205-82-3","Benzo(j)fluoranthene","Group-III","0","0","0","1","0","L20,L21,L27,L29,L31"
"CAS:206-44-0","Fluoranthene","Group-III","0","0","0","1","0","L22,L26,L27,L29,L31"
"CAS:213-46-7","Picene","Group-III","0","0","0","1","0","L31"
"CAS:215-58-7","Benzotriphenylene","Group-III","0","0","0","1","0","L31"
"CAS:224-41-9","Dibenzo(aj)anthracene","Group-III","0","0","0","1","0","L31"
"CAS:225-11-6","Benz(a)acridine","Group-III","0","0","0","1","0","L31"
"CAS:225-51-4","Benz(c)acridine","Group-III","0","0","0","1","0","L31"
"CAS:226-36-8","Dibenz(a,h)acridine","Group-III","0","0","0","1","0","L31"
"CAS:23103-98-2","Pirimicarb","Group-III","0","0","0","1","0","L27"
"CAS:239-01-0","Benzo(a)carbazole","Group-III","0","0","0","1","0","L27"
"CAS:239-35-0","Benzo(a)dibenzothiophene","Group-III","0","0","0","1","0","L31"
"CAS:2429-74-5","C.I. Direct Blue 15","Group-III","0","0","0","1","0","L31"
"CAS:243-17-4","Benzo(b)fluorene","Group-III","0","0","0","1","0","L27,L31"
"CAS:2706-90-3","Pentanoic acid, 2,2,3,3,4,4,5,5,5-nonafluoro-","Group-III","0","0","0","1","0","L26"
"CAS:27208-37-3","Cyclopenta(c,d)pyrene","Group-III","0","0","0","1","0","L27,L31"
"CAS:29420-49-3","Potassium perfluorobutylsulfonate","Group-III","0","0","0","1","0","L29"
"CAS:35065-30-6","2,2',3,3',4,4',5-Heptachlorobiphenyl","Group-III","0","0","0","1","0","L27"
"CAS:3697-24-3","5-Methylchrysene","Group-III","0","0","0","1","0","L31"
"CAS:3871-99-6","Potassium perfluorohexane-1-sulphonate","Group-III","0","0","0","1","0","L22"
"CAS:39300-45-3","Dinocap","Group-III","0","0","0","1","0","L20"
"CAS:5385-75-1","Dibenzo(a,e)fluoranthene","Group-III","0","0","0","1","0","L31"
"CAS:57-74-9","Chlordane","Group-III","0","0","0","1","0","L18,L20,L24,L26,L27,L31,L32,L35"
"CAS:57117-44-9","1,2,3,6,7,8-Hexachlorodibenzofuran","Group-III","0","0","0","1","0","L27"
"CAS:647-42-7","1H,1H,2H,2H-Perfluorooctan-1-ol","Group-III","0","0","0","1","0","L27"
"CAS:65510-44-3","2,3',4,4',5'-Pentachlorobiphenyl","Group-III","0","0","0","1","0","L27"
"CAS:678-41-1","Bis(3,3,4,4,5,5,6,6,7,7,8,8,9,9,10,10,10-heptadecafluoro-1-decanol) hydrogen phosphate","Group-III","0","0","0","1","0","L29"
"CAS:72629-94-8","Pentacosafluorotridecanoic acid","Group-III","0","0","0","1","0","L22,L27,L29"
"CAS:754-91-6","Perfluorooctanesulfonamide","Group-III","0","0","0","1","0","L27"
"CAS:7789-00-6","Potassium chromate","Group-III","0","0","0","1","0","L22,L29"
"CAS:85-01-8","Phenanthrene","Group-III","0","0","0","1","0","L22,L26,L27,L29,L31"
"CAS:90045-36-6","Ginkgo biloba extract","Group-III","0","0","0","1","0","L31"
"CAS:109333-34-8","1,2,3,7,8-Pentabromodibenzo-p-dioxin","Group-III","0","0","0","0","1","L27"
"CAS:129880-08-6","Dibenzofuran, 1,2,3,4,7,8-hexabromo-","Group-III","0","0","0","0","1","L27"
"CAS:1593-77-7","Dodemorph","Group-III","0","0","0","0","1","L20"
"CAS:2104-96-3","Bromofos","Group-III","0","0","0","0","1","L24"
"CAS:21609-90-5","Leptophos","Group-III","0","0","0","0","1","L18,L32"
"CAS:28249-77-6","Thiobencarb","Group-III","0","0","0","0","1","L26,L35"
"CAS:319-84-6","alpha-Hexachlorocyclohexane","Group-III","0","0","0","0","1","L26,L27,L35"
"CAS:510-15-6","Chlorobenzilate","Group-III","0","0","0","0","1","L18,L24,L31,L35"
"CAS:5836-10-2","Chloropropylate","Group-III","0","0","0","0","1","L24"
