pmid,cid,chem,outcome
35654127,17412, 3-Methyl-4-Nitrophenol,"Reproductive, Genetic"
35093747,1905602,"9-(nonafluorobutyl)-2,3,6,7-tetrahydro-1H,5H,11H-pyrano[2,3-f]pyrido[3,2,1-ij]quinolin-11-one","Reproductive, Genetic"
36035158,3035,Dichlorodiphenyldichloroethylene,Genetic
31996892,11524680,"1,2-cyclohexane dicarboxylic acid di-isononyl ester",Reproductive
35861430,11524680,"1,2-Cyclohexane Dicarboxylic Acid Diisononyl Ester",Metabolic
33848595,18728,"1,2-dibromo-4-(1,2 dibromoethyl)cyclohexane",Reproductive
32559636,37807,"1,2,4-trichloro-5-(2,5-dichlorophenyl)benzene (PCB 101)",Reproductive
35093747,74311,2-(heptafluoropropyl)-¬†3-phenylquinoxaline,"Reproductive, Genetic"
34332300,22286931,2-(N-methyl-perfluorooctane sulfonamido) acetate,Pregnancy
32278140,14716,2-ethylhexyl diphenyl phosphate,Cancer
33049558,14716,2-Ethylhexyl diphenyl phosphate,Cancer
34826089,87768,2-hydroxy-4-methoxy benzophenone,"Pregnancy, Developmental"
33149638,46781810,2-hydroxyfluorene,Metabolic
33149638,67041,2-naphthol,Metabolic
32898782,9921445,2-tert-octylphenol,Metabolic
34370853,95170,"2, 2', 4, 4'-tetrabromodiphenyl ether (BDE-47)",Adrenal
31927367,95170,"2, 2', 4, 4'-tetrabromodiphenyl ether (BDE-47)",Cell damage
33582604,95170,"2, 2', 4, 4'-tetrabromodiphenyl ether (BDE-47)",Reproductive
33065364,95170,"2, 2', 4, 4'-tetrabromodiphenyl ether (BDE-47)",Reproductive
32496146,79717,"2,2-bis(4-hydroxy-3,5-dimethylphenyl)propane",Thyroid
35093747,3668137,"2,2,3,3,4,4,5,5,5-nonafluoro-N-(4-nitrophenyl)pentanamide","Reproductive, Genetic"
34332300,37251,"2,2',3,3',4,4',5,5'-Octachlorobiphenyl (PCB 194)",Pregnancy
33497679,644183,"2,2',3,4,4',5,5'-Heptachlorobiphenyl (PCB 180)",Metabolic
32559636,644183,"2,2',3,4,4',5,5'-Heptachlorobiphenyl (PCB 180)",Reproductive
33497679,37035,"2,2',3,4,4',5'-Hexachlorobiphenyl (PCB 138)",Metabolic
32559636,37035,"2,2',3,4,4',5'-Hexachlorobiphenyl (PCB 138)",Reproductive
34474298,37035,"2,2',3,4,4',5'-Hexachlorobiphenyl (PCB 138)",Reproductive
32526315,37035,"2,2',3,4,4',5'-Hexachlorobiphenyl (PCB 138)",Reproductive
31285767,95170,"2,2',4,4'- tetrabromodiphenyl ether (BDE 47)",Neurological
33049448,95170,"2,2',4,4'-tetrabromodiphenyl ether (BDE 47)",Cell damage
34742755,95170,"2,2',4,4'-tetrabromodiphenyl ether (BDE 47)",Genetic
21394737,95170,"2,2',4,4'-tetrabromodiphenyl ether (BDE 47)",Genetic
34425642,95170,"2,2',4,4'-tetrabromodiphenyl ether (BDE 47)",Metabolic
35202279,95170,"2,2',4,4'-Tetrabromodiphenyl ether (BDE 47)",Neurological
33554574,95170,"2,2',4,4'-tetrabromodiphenyl ether (BDE 47)",Pregnancy
35238255,95170,"2,2',4,4'-tetrabromodiphenyl ether (BDE 47)",Reproductive
35875604,95170,"2,2',4,4'-tetrabromodiphenyl ether (BDE 47)",Reproductive
23146758,95170,"2,2',4,4'-tetrabromodiphenyl ether (BDE 47)",Reproductive
33582604,36159,"2,2',4,4',5-Pentabromodiphenyl ether (BDE 99)",Reproductive
34425642,36159,"2,2',4,4',5-Pentabromodiphenyl ether (BDE-99)",Metabolic
32276222,38013,"2,2',4,4',5-Pentachlorobiphenyl (PCB 99)",Cancer
25738596,155166,"2,2',4,4',5,5'-Hexabromodiphenyl ether (BDE 153)",Metabolic
34425642,155166,"2,2',4,4',5,5'-Hexabromodiphenyl ether (BDE-153)",Metabolic
32444626,155166,"2,2',4,4',5,5'-Hexachlorobiphenyl (PBB 153)",Reproductive
35887249,155166,"2,2',4,4',5,5'-Hexachlorobiphenyl (PCB 153)",Cancer
26903627,155166,"2,2',4,4',5,5'-Hexachlorobiphenyl (PCB 153)",Cell damage
17049763,155166,"2,2',4,4',5,5'-hexachlorobiphenyl (PCB 153)",Cell damage
33497679,155166,"2,2',4,4',5,5'-Hexachlorobiphenyl (PCB 153)",Metabolic
33059283,155166,"2,2',4,4',5,5'-hexachlorobiphenyl (PCB 153)",Metabolic
32559636,155166,"2,2',4,4',5,5'-Hexachlorobiphenyl (PCB 153)",Reproductive
32526315,155166,"2,2',4,4',5,5'-Hexachlorobiphenyl (PCB 153)",Reproductive
34985836,155166,"2,2',4,4',5,5'-hexachlorobiphenyl (PCB 153)","Reproductive, Cell damage"
35123963,15509898,"2,2',4,4',5,6'-Hexabromodiphenyl ether (BDE 154)",Genetic
33582604,36159,"2,2',4,4',6-Pentabromodiphenyl ether (BDE 100)",Reproductive
33149271,36647,"2,2',4,4',6,6'-Hexachlorobiphenyl (PCB 155)",Skeletal
35202279,15509892,"2,2',4,5'-Tetrabromodiphenyl ether (BDE 49)",Neurological
33848595,88314418,"2,3-dibromopropyl-2,4,6-tribromophenyl ether",Reproductive
33582604,71363340,"2,3,3',4,4',5-Hexabromodiphenyl ether (BDE 156)",Reproductive
34560258,71363340,"2,3,3',4,4',5-hexachlorobiphenyl (PCB 156)",Hepatic
12604837,15625,"2,3,7,8-tetrachlorodibenzo-p-dioxin",Cell damage
35448550,15625,"2,3,7,8-Tetrachlorodibenzo-p-dioxin",Digestive
33985414,15625,"2,3,7,8-tetrachlorodibenzo-p-dioxin",Metabolic
32234510,15625,"2,3,7,8-Tetrachlorodibenzo-p-dioxin",Reproductive
9166703,15625,"2,3,7,8-tetrachlorodibenzo-p-dioxin",Reproductive
19523480,15625,"2,3,7,8-tetrachlorodibenzo-p-dioxin",Reproductive
10906062,15625,"2,3,7,8-tetrachlorodibenzo-p-dioxin","Reproductive, Immune"
34363983,15625,"2,3,7,8-tetrachlorodibenzo-p-dioxin",Skeletal
32311913,15625,"2,3,7,8-tetrachlorodibenzo-p-dioxin",Thyroid
32947662,15625,"2,3,7,8-Tetrachlorodibenzodioxin",Reproductive
32276222,35823,"2,3',4,4',5-Pentachlorobiphenyl (PCB 118)",Cancer
34055976,35823,"2,3',4,4',5-Pentachlorobiphenyl (PCB 118)",Inflammation
35895927,35823,"2,3',4,4',5-Pentachlorobiphenyl (PCB 118)","Metabolic, Reproductive"
35036103,15509894,"2,3',4',6-Tetrabromodiphenyl ether (BDE-71)",Reproductive
36277707,15509894,"2,3',4',6-Tetrabromodiphenyl ether (BDP 71)",Metabolic
34687351,15509894,"2,3′,4′,6-Tetrabromodiphenyl ether (BDE 71)",Cognitive-Behavioral
33093533,15509894,"2,3′,4′,6-Tetrabromodiphenyl ether (BDE 71)",Metabolic
34425642,12110098,"2,4-Dibromo-1-(4-bromophenoxy)benzene (BDE 28)",Metabolic
34332300,12110098,"2,4-Dibromo-1-(4-bromophenoxy)benzene (BDE 28)",Pregnancy
35096073,12777550,"2,4-Dichlorophenol","Metabolic, Cardio-vascular"
33928643,12777550,"2,4-dichlorophenol",Reproductive
32585503,12777550,"2,4-dichlorophenol",Skeletal
34837643,46781252,"2,4-Dichlorophenoxyacetic acid",Reproductive
34826089,220295,"2,4-dihydroxy benzophenone","Pregnancy, Developmental"
34474298,23448,"2,4,4'-Trichlorobiphenyl (PCB 28)",Reproductive
32276222,17097,"2,4,4',5-Tetrachlorobiphenyl (PCB 74)",Cancer
34173948,71752705,"2,4,6-trichlorophenol",Cancer
32867766,67836582,"2,5-dichlorophenol",Metabolic
36346334,67836582,"2,5-dichlorophenol",Pregnancy
32344252,11151503,"2,7-dibromocarbazole",Reproductive
31927367,22833475,"3-hydroxy-2, 2', 4, 4'-tetrabromodiphenyl ether",Cell damage
35487396,1674,3-methylcholanthrene,Reproductive
32344252,252446,3-Monobromocarbazole,Reproductive
17049763,63090,"3,3',4,4',5-pentachlorobiphenyl (PCB 126)",Cell damage
34256052,63090,"3,3',4,4',5-pentachlorobiphenyl (PCB 126)",Reproductive
31820026,63090,"3,3',4,4',5-pentachlorobiphenyl (PCB 126)",Skeletal
32119087,63090,"3,3',4,4',5-pentachlorobiphenyl (PCB 126)",Skeletal
35534961,14410,"3,3',4,4',5,'5',6,6'-decabromodiphenyl ether (BDE-209)",Reproductive
33149271,36231,"3,3',4,4',5,5'-Hexachlorobiphenyl (PCB 169)",Skeletal
32032643,86208519,"3,3',4,5'-Tetrabromodiphenyl ether (BDE-79)",Neurological
32360183,54675866,"3,4-Dihydroxybenzoic acid",Reproductive
35934697,23017,"3,5,6-trichloro-2-pyridinol",Cardio-vascular
32344252,274874,"3,6-dibromocarbazole",Reproductive
33582287,7101,4-bromodiphenyl,Reproductive
33045592,17132,4-Hexylphenol,Metabolic
34826089,14347,4-hydroxy benzophenone,"Pregnancy, Developmental"
30451881,13195,4-Methylimidazole,Metabolic
31654581,980,4-nitrophenol,Cancer
34553387,1752,4-nonylphenol,Metabolic
32497202,1752,4-nonylphenol,Reproductive
35005817,1752,4-nonylphenol,Reproductive
34084133,1752,4-Nonylphenol,"Reproductive, Genetic"
33294128,8814,4-tert-Octylphenol,"Cognitive-Behavioral, Neurological"
35274207,8814,4-tert-octylphenol,Pregnancy
33358858,7833,4-vinylcyclohexene diep-oxide,Reproductive
27892789,7833,4-Vinylcyclohexene diepoxide,Reproductive
35260167,24864857,"4,4-(9-fluorenylidene)diphenol",Cell damage
36270036,631552,"4,4'-(9-Fluorenylidene)dianiline","Reproductive, Birth defect"
32559636,76973646,"4,4'-Dichlorodiphenyltrichloroethane",Reproductive
35536153,101536705,6:2 Polyfluoroalkyl Phosphate Diester,Reproductive
12083628,6001,"7,12-dimethylbenz(a) anthracene",Reproductive
35878500,3764404,"9,9-bis[4-(2-hydroxyethoxy)phenyl]fluorene",Reproductive
31853845,1982,acephate,Reproductive
35147701,1983,Acetaminophen,Pregnancy
34779581,1983,acetaminophen,Reproductive
33098425,1983,Acetaminophen,"Reproductive, Genetic"
35191592,213021,acetamiprid,Reproductive
23762632,1988,acetochlor,"Cancer, Cell damage"
32151602,6579,acrylamide,Reproductive
34233550,6579,acrylamide,Reproductive
34345841,6579,acrylamide,Thyroid
35066102,9005-32-7,Alginic acid,"Reproductive, Cell damage"
33254616,1752,nonylphenol,Cancer
34726835,24984408,aluminum chloride,Reproductive
32485499,24984408,aluminum chloride,Reproductive
35385133,1639,Aminotriazole,Thyroid
35260167,8418,anthracene,Cell damage
35051072,135308005  ,aroclor 1221,Cognitive-Behavioral
35202233,135308005  ,Aroclor 1221,"Developmental, Cognitive-Behavioral"
34018699,135308005  ,Aroclor 1221,Genetic
33928200,135308005  ,aroclor 1221,"Genetic, Neurological, Cognitive-behavioral"
32798281,135308005  ,Aroclor 1221,Neurological
32692847,135308005  ,Aroclor 1221,"Neurological, Cognitive-Behavioral"
33824955,135308005  ,Aroclor 1221,"Neurological, Genetic"
32816245,135308005  ,aroclor 1221,"Reproductive, Genetic"
16298753,40470,nonylphenol,Cell damage
28579251,40470,"2,2',3,3',4-pentachlorobiphenyl",Metabolic
36257292,40470,"2,2',3,3',4-pentachlorobiphenyl","Neurological, Cell damage, Genetic"
33198142,5359596,Arsenic,Cancer
34050381,5359596,arsenic,Cognitive-Behavioral
18573533,5359596,arsenic,Cognitive-Behavioral
36088992,5359596,arsenic,Metabolic
32196994,5359596,Arsenic,Metabolic
33321388,5359596,Arsenic,Pregnancy
33129825,5359596,arsenic,Pregnancy
35926607,5359596,arsenic,Reproductive
33239073,5359596,arsenic,Reproductive
33866057,5359596,arsenic,Reproductive
33385727,5359596,arsenic,Reproductive
31258454,14888,Arsenic Trioxide,Neurological
28660358,134601,aspartame,Neurological
35771327,2256,Atrazine,Cell damage
33324343,2256,Atrazine,"Hepatic, Reproductive"
36084878,2256,atrazine,Immune
34360708,2256,Atrazine,"Neurological, Cell damage"
36367780,2256,atrazine,Reproductive
34600026,2256,Atrazine,Reproductive
7932848,2256,atrazine,Reproductive
22000761,2256,atrazine,Reproductive
33781367,2256,atrazine,Reproductive
35481779,2256,Atrazine,"Respiratory, Inflammation"
680188,11725766,azastene,Pregnancy
33239073,5355457,barium,Reproductive
35926607,5355457,barium ,Reproductive
35909554,241,Benzene,Metabolic
33254415,2336,benzo(a)pyrene,Reproductive
33513405,2336,benzo(a)pyrene,Reproductive
33297042,2336,benzo(a)pyrene,Reproductive
35912572,2336,benzo(a)pyrene,Reproductive
33503556,2336,benzo[a]pyrene,Cancer
32670863,2336,Benzo[a]pyrene,Cancer
35260167,2336,benzo[a]pyrene,Cell damage
32065759,2336,benzo[a]pyrene,Cell damage
33977171,2336,Benzo[a]pyrene,Reproductive
36460192,2336,benzo[a]pyrene,"Reproductive, Neurological"
34459573,2336,Benzo[a]pyrene,"Reproductive, Neurological"
35260167,9158,benzo[k]fluoranthene,Cell damage
33069703,8572,benzophenone-1,Reproductive
31939680,4632,Benzophenone-3,Cancer
32345324,4632,benzophenone-3,Metabolic
32946892,4632,benzophenone-3,Reproductive
33069703,4632,benzophenone-3,Reproductive
32679395,4632,Benzophenone-3,Reproductive
36209923,4632,benzophenone-3,Reproductive
34313174,4632,Benzophenone-3,Reproductive
32585503,4632,Benzophenone-3,Skeletal
32045785,4632,benzophenone-3,Skeletal
32653713,4632,benzophenone-3,"Thyroid, Behavioral"
33400736,4632,Benzophenone-3,Tumors
35688051,2347,benzyl butyl phthalate,Cancer
33822518,2347,Benzyl Butyl Phthalate,Cell damage
34697989,2347,benzyl butyl phthalate,Cell damage
32905190,2347,benzyl butyl phthalate,Metabolic
33477047,7180,benzylparaben,Reproductive
33713777,6442842,bifenthrin,Reproductive
32917231,50203,"bis (1,3-dichloro-2-propyl) phosphate","Metabolic, Behavioral"
31996892,22932,bis-2-ethylhexyl terephthalate,Reproductive
36220473,50203,"bis(1,3-dichloro-2-propyl) phosphate",Developmental
34964561,50203,"bis(1,3-dichloro-2-propyl) phosphate",Reproductive
33817408,50203,"bis(1,3-dichloro-2-propyl) phosphate",Reproductive
24795899,50203,"bis(1,3-dichloro-2-propyl) phosphate",Reproductive
34902963,50203,"bis(1,3-dichloro-2-propyl)phosphate",Thyroid
34015666,84299,bis(2-butoxyethyl) phosphate,Thyroid
34454012,84299,bis(2-butoxyethyl) phthalate,Reproductive
36220473,76438,bis(2-chloroethyl) phosphate,Developmental
33817408,76438,bis(2-chloroethyl) phosphate,Reproductive
33309551,8343,bis(2-ethylhexyl) phthalate,"Metabolic, Reproductive, Thyroid"
35839669,21199342,"bis(2,4-di-tert-butylphenyl) hydrogen phosphate",Reproductive
33431410,6623,Bisphenol A,Adrenal
32965630,6623,bisphenol A,Adrenal
32964057,6623,Bisphenol A,Respiratory
16537998,6623,Bisphenol A,Immune
35661784,6623,Bisphenol A,Conitive-Behavioral
34755506,6623,bisphenol A,"Cognitive-Behavioral, Neurological"
34606849,6623,Bisphenol A,Cancer
33469997,6623,Bisphenol A,Cancer
35597549,6623,bisphenol A,Cancer
33181973,6623,bisphenol A,Cancer
34426286,6623,bisphenol A,Cancer
24594937,6623,bisphenol A,Cancer
32670863,6623,bisphenol A,Cancer
36306887,6623,Bisphenol A,Cancer
32360864,6623,Bisphenol A,Cancer
35269666,6623,bisphenol A,Cancer
33437163,6623,bisphenol A,Cancer
32348927,6623,bisphenol A,Cancer
34399780,6623,bisphenol A,Cancer
28644961,6623,Bisphenol A,Cancer
34439521,6623,Bisphenol A,Cancer
32729384,6623,bisphenol A,Cancer
36011004,6623,Bisphenol A,Cancer
34771623,6623,Bisphenol A,Cancer
34952328,6623,bisphenol A,Cardio-vascular
34973942,6623,bisphenol A,Cardio-vascular
33912069,6623,Bisphenol A,Cardio-vascular
34419494,6623,bisphenol A,Cardio-vascular
35091943,6623,Bisphenol A,Cardio-vascular
32220816,6623,Bisphenol A,Cardio-vascular
33625709,6623,bisphenol A,"Cardio-vascular, Inflammation, Genetic"
36360773,6623,Bisphenol A,"Cardio-vascular, Metabolic"
32574892,6623,bisphenol A,"Cardio-vascular, Metabolic"
35219798,6623,Bisphenol A,Cell damage
33387880,6623,Bisphenol A,Cell damage
33847390,6623,Bisphenol A,Cell damage
33866271,6623,Bisphenol A,Cell damage
35461094,6623,Bisphenol A,Cell damage
32927158,6623,bisphenol A,Cell damage
34141841,6623,bisphenol A,Cell damage
34680063,6623,Bisphenol A,Cell damage
34186417,6623,bisphenol A,Cell damage
32750123,6623,bisphenol A,Cell damage
34270681,6623,bisphenol A,Cell damage
36336871,6623,Bisphenol A,Cell damage
32239407,6623,bisphenol A,Cell damage
33171786,6623,bisphenol A,Cell damage
35593412,6623,bisphenol A,Cell damage
35342727,6623,bisphenol A,Cell damage
32394729,6623,bisphenol A,Cell damage
32696725,6623,bisphenol A,Cell damage
35940389,6623,Bisphenol A,Cell damage
36277366,6623,bisphenol A,Cell damage
36104651,6623,Bisphenol A,Cell damage
33712018,6623,Bisphenol A,Cognitive-Behavioral
34242568,6623,Bisphenol A,Cognitive-Behavioral
32795877,6623,Bisphenol A,Cognitive-Behavioral
33878692,6623,bisphenol A,Cognitive-Behavioral
32408341,6623,bisphenol A,Cognitive-Behavioral
33655713,6623,Bisphenol A,Cognitive-Behavioral
35850097,6623,bisphenol A,Cognitive-Behavioral
33779718,6623,Bisphenol A,Cognitive-Behavioral
31812767,6623,Bisphenol A,Cognitive-Behavioral
33315342,6623,bisphenol A,Cognitive-Behavioral
32001102,6623,bisphenol A,Cognitive-Behavioral
24646703,6623,bisphenol A,Cognitive-Behavioral
32450286,6623,bisphenol A,"Cognitive-Behavioral, Neurological"
31476513,6623,bisphenol A,"Cognitive-Behavioral, Neurological"
32380724,6623,Bisphenol A,"Cognitive-Behavioral, Neurological"
35560535,6623,Bisphenol A,"Cognitive-Behavioral, Neurological"
34601267,6623,bisphenol A,"Cognitive-Behavioral, Neurological"
34474391,6623,bisphenol A,"Cognitive-Behavioral, Neurological"
36442689,6623,bisphenol A,"Cognitive-Behavioral, Neurological"
34947998,6623,Bisphenol A,"Cognitive-Behavioral, Genetic"
31597243,6623,Bisphenol A,"Cognitive-Behavioral, Neurological"
33474794,6623,bisphenol A,"Cognitive-Behavioral, Neurological"
33395947,6623,bisphenol A,Developmental
35508231,6623,bisphenol A,Developmental
34215981,6623,bisphenol A,Developmental
34126051,6623,bisphenol A,Developmental
36291100,6623,bisphenol A,Developmental
31394344,6623,Bisphenol A,Digestive
33203037,6623,Bisphenol A,Genetic
32575098,6623,Bisphenol A,Genetic
34241998,6623,Bisphenol A,Genetic
35688234,6623,bisphenol A,Genetic
33612621,6623,Bisphenol A,Genetic
33670352,6623,Bisphenol A,Genetic
32636712,6623,Bisphenol A,Genetic
36054626,6623,bisphenol A,Genetic
32978426,6623,bisphenol A,Genetic
32365465,6623,Bisphenol a,"Genetic, Cognitive-Behavioral"
33221288,6623,bisphenol A,"Genetic, Metabolic, Cognitive-Behavioral"
35628146,6623,Bisphenol A,"Genetic, Reproductive"
33718757,6623,Bisphenol A,"Genetic, Reproductive"
34004170,6623,bisphenol A,"Genetic, Reproductive"
34282716,6623,Bisphenol A,Hepatic
34290970,6623,bisphenol A,Hepatic
35622622,6623,Bisphenol A,Hepatic
35945320,6623,bisphenol A,Hepatic
32867778,6623,bisphenol A,Immune
33011352,6623,Bisphenol A,Immune
32702508,6623,bisphenol A,Immune
33462300,6623,Bisphenol A,Immune
35298966,6623,Bisphenol A,"Immune, Cell damage"
32012983,6623,Bisphenol A,"Inflammation, Respiratory"
36145189,6623,Bisphenol A,"Inflammation, Cell damage"
34896274,6623,bisphenol A,"Inflammation, Immune"
32593710,6623,Bisphenol A,Metabolic
36137816,6623,Bisphenol A,Metabolic
32623698,6623,Bisphenol A,Metabolic
34069744,6623,Bisphenol A,Metabolic
33152652,6623,bisphenol A,Metabolic
31968191,6623,Bisphenol A,Metabolic
32339907,6623,Bisphenol A,Metabolic
32442623,6623,Bisphenol A,Metabolic
34481040,6623,bisphenol A,Metabolic
33639044,6623,bisphenol A,Metabolic
36206637,6623,Bisphenol A,Metabolic
35504463,6623,bisphenol A,Metabolic
35457000,6623,bisphenol A,Metabolic
34165232,6623,Bisphenol A,Metabolic
32387634,6623,bisphenol A,Metabolic
36173044,6623,Bisphenol A,Metabolic
32867766,6623,bisphenol A,Metabolic
32233978,6623,bisphenol A,Metabolic
34915096,6623,Bisphenol A,Metabolic
32890688,6623,bisphenol A,Metabolic
32976960,6623,bisphenol A,Metabolic
32361967,6623,bisphenol A,Metabolic
32070782,6623,bisphenol A,Metabolic
33221593,6623,Bisphenol A,Metabolic
34273420,6623,bisphenol A,Metabolic
35644309,6623,bisphenol A,Metabolic
34912683,6623,Bisphenol A,Metabolic
35408676,6623,Bisphenol A,Metabolic
32175033,6623,Bisphenol A,Metabolic
32805339,6623,bisphenol A,Metabolic
33013015,6623,Bisphenol A,Metabolic
34722204,6623,bisphenol A,Metabolic
34314248,6623,Bisphenol A,"Metabolic, Cognitive-Behavioral"
33300480,6623,Bisphenol A,"Metabolic, Genetic"
34426127,6623,bisphenol A,"Metabolic, Hepatic"
33265944,6623,Bisphenol A,"Metabolic, Immune"
33254826,6623,bisphenol A,"Metabolic, Inflammation"
24231043,6623,Bisphenol A,Neurological
32960947,6623,Bisphenol A,Neurological
35483150,6623,Bisphenol A,Neurological
32278051,6623,Bisphenol A,Neurological
32027964,6623,bisphenol A,Neurological
34884472,6623,Bisphenol A,Neurological
16162846,6623,bisphenol A,Neurological
33413436,6623,bisphenol A,Neurological
33398767,6623,Bisphenol A,Neurological
33496947,6623,bisphenol A,Neurological
35577041,6623,bisphenol A,Neurological
33012732,6623,bisphenol A,Neurological
31812737,6623,Bisphenol A,Neurological
35670954,6623,Bisphenol a,Neurological
35781563,6623,bisphenol A,Neurological
34207679,6623,bisphenol A,Neurological
34049886,6623,bisphenol A,Neurological
31615514,6623,bisphenol a,"Neurological, Cognitive-Behavioral"
34838597,6623,Bisphenol A,"Neurological, Cell damage"
32153214,6623,Bisphenol A,"Neurological, Cognitive-Behavioral"
36041600,6623,Bisphenol A,Pregnancy
32721521,6623,bisphenol A,Pregnancy
32028606,6623,Bisphenol A,Pregnancy
33297244,6623,Bisphenol A,"Pregnancy, Developmental"
34841895,6623,bisphenol A,"Pregnancy, Genetic"
36181646,6623,Bisphenol A,"Pregnancy, Immune"
36227336,6623,Bisphenol A,"Pregnancy, Metabolic"
32325494,6623,Bisphenol A,Reproductive
32644108,6623,Bisphenol A,Reproductive
32946892,6623,Bisphenol A,Reproductive
36374910,6623,bisphenol A,Reproductive
34486460,6623,Bisphenol A,Reproductive
34684636,6623,Bisphenol A,Reproductive
32407858,6623,Bisphenol A,Reproductive
31532523,6623,Bisphenol A,Reproductive
34038751,6623,bisphenol A,Reproductive
35570547,6623,bisphenol A,Reproductive
36293141,6623,Bisphenol A,Reproductive
32071231,6623,Bisphenol A,Reproductive
36470355,6623,Bisphenol A,Reproductive
32956838,6623,Bisphenol A,Reproductive
33297044,6623,Bisphenol A,Reproductive
34979091,6623,Bisphenol A,Reproductive
31424294,6623,bisphenol A,Reproductive
31132128,6623,Bisphenol A,Reproductive
32609952,6623,bisphenol A,Reproductive
33258555,6623,bisphenol A,Reproductive
36068179,6623,bisphenol A,Reproductive
32777607,6623,bisphenol A,Reproductive
25925194,6623,Bisphenol A,Reproductive
34831106,6623,bisphenol A,Reproductive
33223334,6623,bisphenol A,Reproductive
33421752,6623,bisphenol A,Reproductive
36334871,6623,Bisphenol A,Reproductive
31514588,6623,bisphenol A,Reproductive
35231543,6623,Bisphenol A,Reproductive
33161203,6623,bisphenol A,Reproductive
35005817,6623,bisphenol A,Reproductive
35692072,6623,bisphenol A,Reproductive
35948171,6623,bisphenol A,Reproductive
35700937,6623,bisphenol A,Reproductive
34146982,6623,bisphenol A,Reproductive
33887667,6623,bisphenol A,Reproductive
33453334,6623,Bisphenol A,Reproductive
32751382,6623,Bisphenol A,Reproductive
33839502,6623,bisphenol A,Reproductive
16898165,6623,bisphenol A,Reproductive
34360336,6623,Bisphenol A,Reproductive
34808557,6623,Bisphenol A,Reproductive
33834027,6623,Bisphenol A,Reproductive
32902403,6623,bisphenol A,Reproductive
36347119,6623,bisphenol A,Reproductive
33971473,6623,bisphenol A,Reproductive
32030086,6623,Bisphenol A,Reproductive
35914601,6623,bisphenol A,Reproductive
34785282,6623,Bisphenol A,Reproductive
31690802,6623,Bisphenol A,Reproductive
31445078,6623,bisphenol A,Reproductive
32610363,6623,bisphenol A,Reproductive
34749236,6623,bisphenol A,Reproductive
32328937,6623,Bisphenol A,Reproductive
31342755,6623,bisphenol A,Reproductive
33073540,6623,Bisphenol A,Reproductive
32256569,6623,bisphenol A,Reproductive
33256105,6623,Bisphenol A,"Reproductive, Cell damage"
36153926,6623,Bisphenol A,"Reproductive, Cell damage"
35567931,6623,Bisphenol A,"Reproductive, Digestive"
34945242,6623,bisphenol A,"Reproductive, Genetic"
35479511,6623,bisphenol A,"Reproductive, Genetic"
32634549,6623,Bisphenol A,"Reproductive, Inflammation"
31501865,6623,Bisphenol A,Skeletal
34929351,6623,Bisphenol A,Skeletal
34684681,6623,Bisphenol A,Skeletal
34820485,6623,Bisphenol A,Skeletal
32585503,6623,Bisphenol A,Skeletal
35628159,6623,Bisphenol A,Skeletal
35202272,6623,Bisphenol A,Skeletal
34954677,6623,Bisphenol A,"Skeletal, Cell damage"
35802331,6623,bisphenol A,Thyroid
23377699,6623,bisphenol A,Thyroid
32653713,6623,bisphenol A,"Thyroid, Behavioral"
34910997,6623,Bisphenol A,Tumors
32353937,6623,Bisphenol A,Tumors
34743013,6623,bisphenol A,Tumors
32787440,6623,bisphenol a ,Reproductive
30366299,2286,bisphenol A diglycidyl ether,Cell damage
36464114,2286,bisphenol A Diglycidyl Ether,"Genetic, Reproductive"
32508751,2286,bisphenol A diglycidyl ether,Reproductive
33662508,73864,Bisphenol AF,Cardio-vascular
33866271,73864,Bisphenol AF,Cell damage
34141841,73864,bisphenol AF,Cell damage
32626472,73864,Bisphenol AF,Cell damage
35940389,73864,Bisphenol AF,Cell damage
34134381,73864,bisphenol AF,"Cognitive-Behavioral, Neurological"
33885253,73864,Bisphenol AF,Genetic
34241998,73864,Bisphenol AF,Genetic
36464114,73864,bisphenol AF,"Genetic, Reproductive"
34069744,73864,bisphenol AF,Metabolic
32508751,73864,bisphenol AF,Reproductive
36374910,73864,bisphenol AF,Reproductive
36098747,73864,bisphenol AF,Reproductive
35605789,73864,bisphenol AF,Reproductive
36293141,73864,Bisphenol AF,Reproductive
36470355,73864,Bisphenol AF,Reproductive
25925194,73864,Bisphenol AF,Reproductive
35026324,73864,Bisphenol AF,Reproductive
32496146,73864,bisphenol AF,Thyroid
32496146,623849,bisphenol AP,Thyroid
34973942,66166,bisphenol B,Cardio-vascular
32927158,66166,bisphenol B,Cell damage
33171786,66166,bisphenol B,Cell damage
34781130,66166,bisphenol B,Pregnancy
32508751,66166,bisphenol B,Reproductive
31424294,66166,bisphenol B,Reproductive
33392205,66166,Bisphenol B,Reproductive
31514588,66166,bisphenol B,Reproductive
31342755,66166,bisphenol B,Reproductive
32496146,66166,bisphenol B,Thyroid
35802331,66166,bisphenol B,Thyroid
32508751,232881,bisphenol BP,Reproductive
32508751,84677,bisphenol C,Reproductive
33542704,84677,bisphenol C,Thyroid
31532523,608116,bisphenol E,Reproductive
31132128,608116,Bisphenol E,Reproductive
36347349,12111,Bisphenol F,Cancer
34973942,12111,bisphenol F,Cardio-vascular
36084738,12111,Bisphenol F,"Cardio-vascular, Metabolic"
35940389,12111,Bisphenol F,Cell damage
34015668,12111,bisphenol F,Cognitive-Behavioral
33395947,12111,bisphenol F,Developmental
36291100,12111,bisphenol F,Developmental
34241998,12111,Bisphenol F,Genetic
36054626,12111,bisphenol F,Genetic
32867778,12111,bisphenol F,Immune
33011352,12111,Bisphenol F,Immune
32911021,12111,bisphenol F,Immune
33462300,12111,Bisphenol F,Immune
34147605,12111,Bisphenol F,Inflammation
34481040,12111,bisphenol F,Metabolic
35457000,12111,bisphenol F,Metabolic
33865937,12111,Bisphenol F,Metabolic
32750123,12111,bisphenol F,Metabolic
34915096,12111,Bisphenol F,Metabolic
33250229,12111,Bisphenol F,Metabolic
32070782,12111,bisphenol F,Metabolic
34781130,12111,bisphenol F,Pregnancy
35940031,12111,Bisphenol F,Reproductive
34979091,12111,Bisphenol F,Reproductive
31424294,12111,bisphenol F,Reproductive
34831106,12111,bisphenol F,Reproductive
31514588,12111,bisphenol F,Reproductive
34000551,12111,Bisphenol F,Reproductive
35283775,12111,Bisphenol F,"Reproductive, Genetic"
34684681,12111,bisphenol F,Skeletal
32496146,12111,bisphenol F,Thyroid
35802331,12111,bisphenol F,Thyroid
32508751,228537,bisphenol G,Reproductive
32496146,630355,bisphenol P,Thyroid
36142703,6626,Bisphenol S,Respiratory
33605785,6626,Bisphenol S,Pregnancy
33181973,6626,bisphenol S,Cancer
36011004,6626,Bisphenol S,Cancer
36310694,6626,Bisphenol S,Cardio-vascular
36084738,6626,Bisphenol S,"Cardio-vascular, Metabolic"
33866271,6626,Bisphenol S,Cell damage
32927158,6626,bisphenol S,Cell damage
34141841,6626,bisphenol S,Cell damage
35940389,6626,Bisphenol S,Cell damage
33878692,6626,bisphenol S,Cognitive-Behavioral
35850097,6626,bisphenol S,Cognitive-Behavioral
32001102,6626,bisphenol S,Cognitive-Behavioral
34474391,6626,bisphenol S,"Cognitive-Behavioral, Neurological"
33395947,6626,bisphenol S,Developmental
33992119,6626,bisphenol S,Developmental
33885253,6626,Bisphenol S,Genetic
34241998,6626,Bisphenol S,Genetic
35569583,6626,Bisphenol S,Genetic
36054626,6626,bisphenol s,Genetic
35561261,6626,Bisphenol S,Hepatic
33297965,6626,bisphenol S,"Hepatic, Genetic"
32867778,6626,bisphenol S,Immune
33011352,6626,Bisphenol S,Immune
32911021,6626,bisphenol S,Immune
33462300,6626,Bisphenol S,Immune
34270681,6626,bisphenol S,Inflammation
33182144,6626,bisphenol S,Inflammation
34481040,6626,bisphenol S,Metabolic
33326921,6626,bisphenol S,Metabolic
33865937,6626,bisphenol S,Metabolic
32750123,6626,bisphenol S,Metabolic
34915096,6626,Bisphenol S,Metabolic
33250229,6626,Bisphenol S,Metabolic
32403013,6626,bisphenol S,Metabolic
34912683,6626,Bisphenol S,Metabolic
35779701,6626,bisphenol S,Metabolic
34837624,6626,Bisphenol S,Metabolic
34097938,6626,bisphenol S,"Metabolic, Behavioral, Immune"
35709251,6626,bisphenol S,"Metabolic, Cardio-vascular"
36227336,6626,Bisphenol S,"Pregnancy, Metabolic"
31532523,6626,Bisphenol S,Reproductive
35940031,6626,Bisphenol S,Reproductive
34038751,6626,Bisphenol S,Reproductive
33155548,6626,Bisphenol S,Reproductive
32071231,6626,bisphenol S,Reproductive
36470355,6626,Bisphenol S,Reproductive
34979091,6626,Bisphenol S,Reproductive
31424294,6626,bisphenol S,Reproductive
31132128,6626,Bisphenol S,Reproductive
32466766,6626,Bisphenol S,Reproductive
34831106,6626,bisphenol S,Reproductive
33678156,6626,bisphenol S,Reproductive
31514588,6626,bisphenol S,Reproductive
33017704,6626,Bisphenol S,Reproductive
31690802,6626,Bisphenol S,Reproductive
36096261,6626,Bisphenol S,Reproductive
34002388,6626,bisphenol S,"Reproductive, Cell damage"
29326794,6626,Bisphenol S,"Reproductive, Cell damage"
35283775,6626,Bisphenol S,"Reproductive, Genetic"
32742594,6626,bisphenol S,"Reproductive, Genetic, Cell damage"
34822682,6626,Bisphenol S,Respiratory
31501865,6626,Bisphenol S,Skeletal
32668547,6626,bisphenol S,Skeletal
32496146,6626,bisphenol S,Thyroid
35802331,6626,bisphenol S,Thyroid
33068853,6626,bisphenol S,Thyroid
34979203,6626,Bisphenol S ,"Inflammation, Digestive"
35457000,6626,bisphenol S ,Metabolic
34781130,6626,bisphenol S ,Pregnancy
32070782,232446,bisphenol Z,Metabolic
36470355,232446,Bisphenol Z,Reproductive
32496146,232446,bisphenol Z,Thyroid
34819716,6623,Bisphenol-A,Cell damage
32926169,6623,Bisphenol-A,"Cognitive-Behavioral, Neurological, Genetic"
32997969,2347,butyl benzyl phthalate,Conitive-Behavioral
33807420,2347,Butyl Benzyl Phthalate,Reproductive
35163327,2347,butyl benzyl phthalate,"Reproductive,Tumors"
34358912,2347,butyl-benzyl phthalate,Thyroid
35975911,7184,butylparaben,Cancer
34952328,7184,butylparaben,Cardio-vascular
32623865,7184,butylparaben,Cell damage
36277366,7184,butylparaben,Cell damage
32521303,7184,butylparaben,Developmental
33683593,7184,butylparaben,Developmental
32702374,7184,Butylparaben,Hepatic
33477047,7184,butylparaben,Reproductive
32798586,7184,butylparaben,Thyroid
36335879,23973,cadmium,Cancer
27940299,23973,cadmium,Cancer
33153845,23973,cadmium,Cancer
34015299,23973,Cadmium,Cancer
34128436,23973,cadmium,"Cell damage, Reproductive"
33779718,23973,cadmium,Cognitive-Behavioral
35047503,23973,Cadmium,Genetic
34332300,23973,cadmium,Pregnancy
33280922,23973,Cadmium,Reproductive
35236366,23973,Cadmium,Reproductive
34022900,23973,Cadmium,Reproductive
33239073,23973,cadmium,Reproductive
32497815,23973,Cadmium,Reproductive
34208970,23973,Cadmium,Reproductive
33249230,23973,Cadmium,Reproductive
31949881,23973,Cadmium,Reproductive
35453667,23973,Cadmium,Reproductive
33199064,23973,cadmium,Reproductive
34986559,23973,cadmium,Reproductive
32329151,23973,Cadmium,Reproductive
34634736,23973,cadmium,Reproductive
32671713,23973,cadmium,Reproductive
35629026,23973,Cadmium,Skeletal
33493726,23973,Cadmium,"Skeletal, Hepatic, Metabolic"
34530290,23973,Cadmium,Thyroid
34202188,23973,Cadmium,Thyroid
35457000,24947,cadmium chloride,Metabolic
34498184,472387340,canola oil,Reproductive
28267586,2554,carbamazepine,"Neurological, Cell damage, Immune"
32199167,23974,Cerium,Thyroid
29164652,10219615,Cerium oxide,Reproductive
34880833,299,Chlordecone,"Thyroid, Metabolic, Reproductive"
34958886,13836,Chlorocholine chloride,Reproductive
32526215,2730,chlorpyrifos,Cancer
34506784,2730,chlorpyrifos,Cancer
32956863,2730,Chlorpyrifos,Cancer
35457321,2730,chlorpyrifos,Cancer
32166211,2730,chlorpyrifos,Cancer
34985812,2730,chlorpyrifos,"Inflammation, Cell damange"
32017950,2730,Chlorpyrifos,Metabolic
36347328,2730,chlorpyrifos,Neurological
25889763,2730,chlorpyrifos,"Neurological, Cognitive-Behavioral"
34060014,2730,chlorpyrifos,Reproductive
36356884,2730,chlorpyrifos,Reproductive
32481206,2730,chlorpyrifos,Reproductive
34400204,2730,chlorpyrifos,Reproductive
31400786,2730,chlorpyrifos,"Reproductive, Immune"
32679048,23976,chromium,Reproductive
33910022,2812,clotrimazole,Reproductive
33321388,104730,Cobalt,Pregnancy
32004626,23978,Copper,Reproductive
8286579,5281707,coumestrol,Reproductive
23762632,30773,cyanazine,Cancer
34968715,11578610,Cyantraniliprole,"Reproductive, Cell damage"
35394964,104926,Cyfluthrin,Metabolic
34484665,2912,Cypermethrin,Cell damage
35610186,2912,Cypermethrin,Cell damage
36084878,2912,cypermethrin,Immune
35434465,2912,cypermethrin,Metabolic
35605701,2912,cypermethrin,Reproductive
35102696,2912,Cypermethrin,Reproductive
21430912,2912,cypermethrin,"Reproductive, Developmental"
34688002,86132,cyproconazole,Metabolic
35014926,5281708,daidzein,Cancer
35932513,5281708,daidzein,Reproductive
35681752,14410,Decabromodiphenyl ether (BDE-209),"Thyroid, Tumors"
32559636,14410,Decabromodiphenyl ether (BDE-209),Reproductive
34601176,35733,dechlorane 602 (Dec-602),Thyroid
32556108,26111,Dechlorane Plus,Metabolic
34601176,26111,dechlorane plus,Thyroid
752632,16078,Delta-9-tetrahydrocannabinol,Cognitive-Behavioral
35434465,40585,deltamethrin,Metabolic
35588983,40024,Deoxynivalenol,"Cell damage, Reproductive"
33823904,8343,Di (2-ethylhexyl) phthalate,Cancer
34697989,8343,di (2-ethylhexyl) phthalate,Cell damage
35818324,8343,di (2-ethylhexyl) phthalate,"Cognitive-Behavioral, Neurological"
36174712,8343,Di (2-ethylhexyl) phthalate,Genetic
34864161,8343,di (2-ethylhexyl) phthalate,Genetic
34906593,8343,di (2-ethylhexyl) phthalate,Metabolic
33754040,8343,Di (2-ethylhexyl) phthalate,Reproductive
31931345,8343,di (2-ethylhexyl) phthalate,Reproductive
34478338,405281127,di (carboxyisooctyl) phthalate,Genetic
34488563,3026,Di--butyl phthalate,Neurological
32292708,3026,di--butyl phthalate,"Neurological, Cognitive-Behavioral"
33297156,8343,di (2-ethylhexyl) phthalate,Cognitive-Behavioral
35141451,8343,Di-(2-ethylhexyl) phthalate,"Adrenal, Genetic"
35663974,8343,Di-(2-ethylhexyl) Phthalate,Respiratory
34208283,8343,di-(2-ethylhexyl) phthalate,Cancer
35818422,8343,Di-(2-ethylhexyl) phthalate,"Cancer, Inflammation"
35716406,8343,di-(2-ethylhexyl) phthalate,Cardio-vascular
33091774,8343,Di-(2-ethylhexyl) phthalate,Cell damage
36104651,8343,Di-(2-ethylhexyl) phthalate,Cell damage
35254616,8343,di-(2-ethylhexyl) phthalate,Cognitive-Behavioral
35730944,8343,di-(2-ethylhexyl) phthalate,Dental
34564366,8343,Di-(2-ethylhexyl) Phthalate,Digestive
34954075,8343,Di-(2-ethylhexyl) phthalate,"Genetic, Reproductive"
32628958,8343,di-(2-ethylhexyl) phthalate,Hepatic
36438553,8343,Di-(2-ethylhexyl) phthalate,Hepatic
34438493,8343,di-(2-ethylhexyl) phthalate,Metabolic
36012094,8343,Di-(2-ethylhexyl) Phthalate,Metabolic
34624416,8343,di-(2-ethylhexyl) phthalate,Neurological
35905844,8343,Di-(2-ethylhexyl) phthalate,Reproductive
22076161,8343,Di-(2-ethylhexyl) phthalate,Reproductive
36174316,8343,di-(2-ethylhexyl) phthalate,Reproductive
32030592,8343,di-(2-ethylhexyl) phthalate,Reproductive
33665894,8343,Di-(2-ethylhexyl) phthalate,Reproductive
35196152,8343,di-(2-ethylhexyl) phthalate,Reproductive
34537068,8343,di-(2-ethylhexyl) phthalate,Reproductive
33360214,8343,Di-(2-ethylhexyl) phthalate,Reproductive
32589889,8343,Di-(2-ethylhexyl) phthalate,Reproductive
32588312,8343,di-(2-ethylhexyl) phthalate,Reproductive
34768887,8343,Di-(2-ethylhexyl) phthalate,Reproductive
30939196,8343,di-(2-ethylhexyl) phthalate,Reproductive
32411914,8343,Di-(2-ethylhexyl) Phthalate,Reproductive
32619501,8343,di-(2-ethylhexyl) phthalate,Reproductive
33628236,8343,Di-(2-ethylhexyl) phthalate,Reproductive
34400143,8343,Di-(2-ethylhexyl) phthalate,"Reproductive, Cell damage"
32533902,8343,di-(2-ethylhexyl) phthalate,"Reproductive, Immune"
36044193,8343,di-(2-ethylhexyl) phthalate,"Reproductive, Thyroid"
32884073,8343,di-(2-ethylhexyl) phthalate,Respiratory
35228410,8343,Di-(2-ethylhexyl) phthalate,Thyroid
36375056,8343,di-(2-ethylhexyl) phthalate,Tumors
34245761,8343,di-(2-ethylhexyl)-phthalate,"Cognitive-Behavioral, Neurological"
34600010,8343,di-(2-ethylhexyl)-phthalate,Metabolic
32678732,11524680,"di-(iso-nonyl)-cyclohexane-1,2-dicarboxylate",Reproductive
32220816,8343,Di-(2-ethylhexyl) phthalate,Cardio-vascular
34478338,8343,Di-(2-ethylhexyl) phthalate,Genetic
34478338,91173705,di-2-ethyl-5-oxohexyl phthalate,Genetic
35688051,8343,Di-2-ethyl-hexyl phthalate,Cancer
32679391,8343,di-2-ethylhexyl phthalate,Conitive-Behavioral
34082531,8343,di-2-ethylhexyl phthalate,Cancer
33640497,8343,di-2-ethylhexyl phthalate,Cognitive-Behavioral
33573264,8343,di-2-ethylhexyl phthalate,Cognitive-Behavioral
33789034,8343,Di-2-ethylhexyl phthalate,"Genetic, Thyroid"
34628254,8343,di-2-ethylhexyl phthalate,Metabolic
32233978,8343,di-2-ethylhexyl phthalate,Metabolic
32633424,8343,di-2-ethylhexyl phthalate,Neurological
35797467,8343,Di-2-ethylhexyl phthalate,Reproductive
35550907,8343,di-2-ethylhexyl phthalate,Reproductive
33493905,8343,Di-2-ethylhexyl phthalate,Reproductive
32235866,8343,di-2-ethylhexyl phthalate,Reproductive
34058317,8343,Di-2-ethylhexyl phthalate,Reproductive
34728246,8343,Di-2-ethylhexyl phthalate,Reproductive
31996892,8343,di-2-ethylhexyl phthalate,Reproductive
32360183,8343,di-2-ethylhexyl phthalate,Reproductive
36060982,8343,di-2-ethylhexyl phthalate,Reproductive
32612006,8343,di-2-ethylhexyl phthalate,Thyroid
33493905,22932,di-2-ethylhexyl terephthalate,Reproductive
33610054,8343,di-2-ethylhexylphthalate,Developmental
34475495,92344,di-2-propylheptyl phthalate,Respiratory
36041600,8343,di-2ethylhexyl phthalate,Pregnancy
32380128,53435015,mono-3-carboxypropyl phthalate,Reproductive
33754148,53435015,mono-3-carboxypropyl phthalate,Skeletal
33152652,220773,di-benzyl phthalate,Metabolic
34208324,6781,Di-Ethyl Phthalate,Developmental
32997969,6782,di-iso-butyl phthalate,Conitive-Behavioral
34475495,33599,di-iso-decyl phthalate,Respiratory
34358912,590836,di-isononyl phthalate,Thyroid
33754148,6782,di-isobutyl phthalate,Skeletal
34426375,33599,Di-isodecyl Phthalate,Thyroid
34453847,590836,Di-Isononyl Phthalate,"Immune, Genetic"
33223173,590836,di-isononyl phthalate,Metabolic
36220473,7881,di-n-butyl phosphate,Developmental
32679391,7881,di-n-butyl phthalate,Conitive-Behavioral
32997969,7881,di-n-butyl phthalate,Conitive-Behavioral
26903627,7881,di-n-butyl phthalate,Cell damage
34628254,7881,di-n-butyl phthalate,Metabolic
32810643,7881,Di-n-butyl phthalate,Metabolic
34906593,7881,di-n-butyl phthalate,Metabolic
36215882,7881,Di-n-butyl phthalate,Reproductive
34015706,7881,di-n-butyl phthalate,Reproductive
36230992,7881,Di-n-Butyl Phthalate,Reproductive
34280466,7881,Di-n-butyl phthalate,Reproductive
32388187,7881,Di-n-butyl phthalate,Reproductive
35955852,7881,Di-N-Butyl Phthalate,Reproductive
35919841,7881,di-n-butyl phthalate,Reproductive
32073305,7881,Di-n-butyl Phthalate,"Reproductive, Cognitive"
35931390,7881,Di-N-Butyl Phthalate,Respiratory
33354277,7881,Di-N-butylphthalate,"Reproductive, Cell damage"
35688051,8346,Di-n-octyl phthalate,Cancer
33792735,8346,Di-n-octyl phthalate,"Reproductive, Cognitive"
36115423,8346,Di-n-octyl phthalate ,Reproductive
32220816,8346,di-n-octylphthalate,Cardio-vascular
34015666,92302,di-o-cresyl phosphate,Thyroid
34015666,92302,di-p-cresyl phosphate,Thyroid
34793805,8343,di(2-ethylhexyl) phthalate,Metabolic
34793805,606456,di(2-ethyl-5-hydroxyhexyl) phthalate,Metabolic
36423848,8343,Di(2-ethyl-hexyl) phthalate,Reproductive
33010548,8343,Di(2-ethyl-hexyl) phthalate,"Reproductive, Genetic"
34678253,8343,di(2-ethylhexyl) phthalate,Cardio-vascular
33129247,8343,di(2-ethylhexyl) phthalate,Cardio-vascular
32239407,8343,di(2-ethylhexyl) phthalate,Cell damage
36209858,8343,Di(2-ethylhexyl) phthalate,Digestive
33986952,8343,di(2-ethylhexyl) phthalate,Genetic
32802189,8343,di(2-ethylhexyl) phthalate,Metabolic
36116648,8343,di(2-ethylhexyl) phthalate,Metabolic
35861430,8343,di(2-ethylhexyl) phthalate,Metabolic
36068761,8343,di(2-ethylhexyl) phthalate,Metabolic
36247333,8343,di(2-ethylhexyl) phthalate,Metabolic
35457000,8343,di(2-ethylhexyl) phthalate,Metabolic
32303808,8343,di(2-ethylhexyl) phthalate,Neurological
33496947,8343,di(2-ethylhexyl) phthalate,Neurological
34942354,8343,di(2-ethylhexyl) phthalate,Reproductive
34375942,8343,di(2-ethylhexyl) phthalate,Reproductive
36220427,8343,di(2-ethylhexyl) phthalate,Reproductive
32165126,8343,di(2-ethylhexyl) phthalate,Reproductive
36435455,8343,di(2-ethylhexyl) phthalate,Reproductive
32787440,8343,di(2-ethylhexyl) phthalate,Reproductive
23041310,8343,di(2-ethylhexyl) phthalate,Reproductive
33502250,8343,di(2-ethylhexyl) Phthalate,"Reproductive, Behavioral, Neurological"
33162236,8343,Di(2-ethylhexyl) phthalate,"Reproductive, Cell damage"
34141151,8343,Di(2-Ethylhexyl) Phthalate,Tumors
32678732,22932,di(2-ethylhexyl) terephthalate,Reproductive
33736212,8343,Di(2-ethylhexyl)phthalate,Cell damage
35119524,8343,Di(2-ethylhexyl)phthalate,Cognitive-Behavioral
33959150,8343,Di(2-ethylhexyl)phthalate,Genetic
34595713,8343,Di(2-ethylhexyl)phthalate,"Genetic, Metabolic"
34822691,8343,Di(2-ethylhexyl)phthalate,Pregnancy
35504341,8343,Di(2-ethylhexyl)phthalate,Pregnancy
25649163,8343,di(2-ethylhexyl)phthalate,Reproductive
35842051,8343,Di(2-ethylhexyl)phthalate,Reproductive
34426375,8343,Di(2-ethylhexyl)phthalate,Thyroid
33649816,8343,Di(2-ethylhexyl)phthalate,Thyroid
33628236,11524680,"Di(isononyl) cyclohexane-1,2-dicarboxylate",Reproductive
36116648,590836,di(isononyl) phthalate,Metabolic
15513902,3026,di(n-butyl) phthalate,Reproductive
36347328,3017,diazinon ,Neurological
32679391,220773,dibenzyl phthalate,Conitive-Behavioral
33640497,220773,Dibenzyl phthalate,Cognitive-Behavioral
33573264,220773,dibenzyl phthalate,Cognitive-Behavioral
36116648,220773,dibenzyl phthalate,Metabolic
32233978,220773,dibenzyl phthalate,Metabolic
32526583,220773,Dibenzyl phthalate,Metabolic
31931345,220773,Dibenzyl phthalate,Reproductive
34426375,220773,Dibenzyl phthalate,Thyroid
33817408,7881,dibutyl phosphate,Reproductive
33113466,7881,Dibutyl phosphate,"Thyroid, Genetic"
35688051,3026,Dibutyl phthalate,Cancer
36089060,3026,Dibutyl phthalate,Cardio-vascular
34482002,3026,dibutyl phthalate,Cardio-vascular
33091774,3026,dibutyl phthalate,Cell damage
34088158,3026,Dibutyl phthalate,Cell damage
33640497,3026,dibutyl phthalate,Cognitive-Behavioral
33779718,3026,Dibutyl phthalate,Cognitive-Behavioral
33573264,3026,dibutyl phthalate,Cognitive-Behavioral
35119524,3026,Dibutyl phthalate,Cognitive-Behavioral
35901955,3026,Dibutyl phthalate,Developmental
34864161,3026,Dibutyl phthalate,Genetic
33920546,3026,Dibutyl Phthalate,"Genetic, Behavioral"
31975012,3026,dibutyl phthalate,"Hepatic, Pregnancy"
32233978,3026,dibutyl phthalate,Metabolic
36115423,3026,Dibutyl phthalate,Reproductive
33086118,3026,Dibutyl phthalate,Reproductive
32497820,3026,dibutyl phthalate,Reproductive
27148549,3026,Dibutyl phthalate,Reproductive
25614580,3026,Dibutyl phthalate,Reproductive
35692072,3026,dibutyl phthalate,Reproductive
35605887,3026,dibutyl phthalate,Reproductive
31931345,3026,Dibutyl phthalate,Reproductive
34754465,3026,dibutyl phthalate,Reproductive
34474386,3026,dibutyl phthalate,"Reproductive, Digestive"
35609737,3026,dibutyl phthalate,Respiratory
34395617,3026,Dibutyl Phthalate,Thyroid
34358912,3026,dibutyl phthalate,Thyroid
33493905,11524680,"1,2-cyclohexane dicarboxylic acid di-isononyl ester",Reproductive
34051689,6294,Dichlorodiphenyldichloroethane,Cancer
35367495,6294,Dichlorodiphenyldichloroethane,Reproductive
35457000,3035,dichlorodiphenyldichloroethylene,Metabolic
33059283,3035,Dichlorodiphenyldichloroethylene,Metabolic
32559636,3035,Dichlorodiphenyldichloroethylene,Reproductive
36060944,3035,dichlorodiphenyldichloroethylene,Reproductive
32892578,3035,Dichlorodiphenyldichloroethylene,Thyroid
34513053,3036,dichlorodiphenyltrichloroethane,Adrenal
35563302,3036,Dichlorodiphenyltrichloroethane,Adrenal
34204839,3036,Dichlorodiphenyltrichloroethane,Adrenal
35618967,3036,Dichlorodiphenyltrichloroethane,Adrenal
33231799,3036,Dichlorodiphenyltrichloroethane,Adrenal
32748142,3036,Dichlorodiphenyltrichloroethane,Adrenal
33304177,3036,dichlorodiphenyltrichloroethane,"Adrenal, Genetic"
33788101,3036,Dichlorodiphenyltrichloroethane,"Adrenal, Genetic"
32488775,3036,Dichlorodiphenyltrichloroethane,"Cell damage, Immune"
32328948,3036,Dichlorodiphenyltrichloroethane,Genetic
35051067,3036,dichlorodiphenyltrichloroethane,"Genetic, Cancer"
35743120,3036,Dichlorodiphenyltrichloroethane,Immune
32195406,3036,dichlorodiphenyltrichloroethane,Immune
33711537,3036,Dichlorodiphenyltrichloroethane,Metabolic
35434465,3036,dichlorodiphenyltrichloroethane,Metabolic
32559636,3036,dichlorodiphenyltrichloroethane,Reproductive
33638691,3036,Dichlorodiphenyltrichloroethane,Reproductive
32739526,3036,Dichlorodiphenyltrichloroethane,Reproductive
32739526,3036,Dichlorodiphenyltrichloroethane,Reproductive
33808818,3036,Dichlorodiphenyltrichloroethane,Reproductive
23478948,3036,dichlorodiphenyltrichloroethane,Reproductive
34167450,3036,Dichlorodiphenyltrichloroethane,Respiratory
32777255,3033,Diclofenac,Reproductive
34656558,8268,dicofol,Cell damage
34697989,6777,dicyclohexyl phthalate,Cell damage
34851150,6777,Dicyclohexyl Phthalate,Metabolic
34051689,969491,dieldrin,Cancer
33440917,969491,dieldrin,Metabolic
35367495,969491,dieldrin,Reproductive
34267309,654,diethyl phosphate,Cognitive-Behavioral
36150437,654,Diethyl phosphate,Reproductive
32679391,6781,diethyl phthalate,Conitive-Behavioral
35688051,6781,Diethyl phthalate,Cancer
34482002,6781,diethyl phthalate,Cardio-vascular
35777568,6781,Diethyl phthalate,Hepatic
36113621,6781,diethyl phthalate,Immune
34628254,6781,diethyl phthalate,Metabolic
34793805,6781,diethyl phthalate,Metabolic
36068761,6781,diethyl phthalate,Metabolic
33460632,6781,diethyl phthalate,Metabolic
32867766,6781,Diethyl Phthalate,Metabolic
32233978,6781,diethyl phthalate,Metabolic
36012094,6781,Diethyl phthalate,Metabolic
34822691,6781,diethyl phthalate,Pregnancy
35504341,6781,Diethyl phthalate,Pregnancy
34129163,6781,diethyl phthalate,Reproductive
35931390,6781,Diethyl phthalate,Respiratory
34426375,6781,diethyl phthalate,Thyroid
36150437,3683036,Diethyl thiophosphate,Reproductive
33721218,8343,Diethylhexyl phthalate,Cancer
35901955,8343,Diethylhexyl phthalate,Developmental
33297244,8343,Diethylhexyl Phthalate,"Pregnancy, Developmental"
36277366,448537,diethylstilbestrol,Cell damage
34999879,448537,Diethylstilbestrol,Developmental
33920546,448537,Diethylstilbestrol,"Genetic, Behavioral"
32070782,448537,diethylstilbestrol,Metabolic
34207679,448537,diethylstilbestrol,Neurological
36374910,448537,diethylstilbestrol,Reproductive
35834052,448537,diethylstilbestrol,Reproductive
19884658,448537,diethylstilbestrol,Reproductive
33409879,448537,diethylstilbestrol,Reproductive
24449359,448537,diethylstilbestrol,Reproductive
21963885,448537,diethylstilbestrol,Reproductive
14729870,448537,diethylstilbestrol,Reproductive
15800398,448537,diethylstilbestrol,"Reproductive, Neurological"
36328762,448537,diethylstilboestrol,Genetic
34688002,86173,difenoconazole,Metabolic
34952328,6782,diisobutyl phthalate,Cardio-vascular
34628254,6782,diisobutyl phthalate,Metabolic
32679391,6782,diisobutyl phthalate,Conitive-Behavioral
33573264,6782,diisobutyl phthalate,Cognitive-Behavioral
34478338,6782,diisobutyl phthalate,Genetic
32867766,6782,Diisobutyl phthalate,Metabolic
32233978,6782,diisobutyl phthalate,Metabolic
35931390,6782,Diisobutyl phthalate,Respiratory
34426375,6782,Diisobutyl phthalate,Thyroid
32387388,33599,diisodecyl phthalate,Reproductive
34358912,11524680,diisononyl cyclohexane dicarboxylate,Thyroid
34697989,590836,diisononyl phthalate,Cell damage
33736212,590836,Diisononyl Phthalate,Cell damage
33391822,590836,diisononyl phthalate,"Genetic, Metabolic"
33086118,590836,Diisononyl phthalate,Reproductive
32165126,590836,diisononyl phthalate,Reproductive
33628236,590836,Diisononyl Phthalate,Reproductive
33792735,590836,diisononyl phthalate,"Reproductive, Cognitive"
34426375,590836,Diisononyl Phthalate,Thyroid
3621309,20796,ethane dimethanesulphonate,Reproductive
36410587,5889665,dimethomorph,"Reproductive, Genetic"
34214916,8344,Dimethoxyethyl phthalate,Cell damage
29450129,6124,dimethyl nitrosamine,"Reproductive, Thyroid"
34267309,13134,dimethyl phosphate,Cognitive-Behavioral
36150437,13134,Dimethyl phosphate,Reproductive
35688051,8554,Dimethyl phthalate,Cancer
35598668,8554,Dimethyl phthalate,Cell damage
31975012,8554,dimethyl phthalate,"Hepatic, Pregnancy"
34628254,8554,dimethyl phthalate,Metabolic
32526583,8554,Dimethyl phthalate,Metabolic
35692072,8554,dimethyl phthalate,Reproductive
34426375,8554,Dimethyl phthalate,Thyroid
36150437,168140,Dimethyl thiophosphate,Reproductive
34481040,62546,dioctyl terephthalate,Metabolic
33628236,62546,Dioctyl terephthalate,Reproductive
33039677,8569,Dioxybenzone,Reproductive
36220473,13282,Diphenyl phosphate,Developmental
32917231,13282,diphenyl phosphate,"Metabolic, Behavioral"
35839669,13282,diphenyl phosphate,Reproductive
34964561,13282,diphenyl phosphate,Reproductive
33817408,13282,diphenyl phosphate,Reproductive
24795899,13282,diphenyl phosphate,Reproductive
34015666,13282,diphenyl phosphate,Thyroid
33113466,13282,diphenyl phosphate,"Thyroid, Genetic"
34697989,13282,diphenyl phthalate,"Cell damage, Reproductive"
35171999,522325,Dipyrone,Pregnancy
35609006,78994,"dodecafluoro-1,6-diiodohexane",Neurological
35051067,3224,endosulfan,"Genetic, Cancer"
25486513,3224,endosulfan,Reproductive
11518620,53481793,endotoxin,Reproductive
35014926,115089,enterodiol,Cancer
34182286,3317081,epoxiconazole,Developmental
35436446,3317081,Epoxiconazole,"Hepatic, Genetic"
35163327,807,eranol,"Reproductive,Tumors"
33435542,20796,Ethane Dimethane Sulfonate,Reproductive
35581467,8434,ethyl paraben,Cancer
33152652,8434,ethyl paraben,Metabolic
32019002,8434,ethyl paraben,Metabolic
32360183,8434,ethyl paraben,Reproductive
33477047,8434,ethyl-paraben,Reproductive
36356884,129689629,ethylene-bis-dithiocarbamate,Reproductive
32679395,30541,Ethylhexyl dimethyl PABA,Reproductive
32679395,5355130 ,Ethylhexyl methoxycinnamate,Reproductive
35690089,8434,ethylparaben,Cardio-vascular
36277366,8434,ethylparaben,Cell damage
33014082,8434,ethylparaben,Metabolic
34101200,8434,ethylparaben,Pregnancy
32806428,8434,ethylparaben,Reproductive
32585503,8434,ethylparaben,Skeletal
32521303,8434,ethylparaben,"Thyroid, Developmental"
33484789,213031,Fenhexamid,Cancer
35780843,213031,fenhexamid,Cancer
35951760,31200,Fenitrothion,Reproductive
20563929,3347,fenvalerate,Reproductive
34438272,3352,fipronil,Immune
22447239,3352,fipronil,Thyroid
18977275,3352,Fipronil,Thyroid
32444626,42948,"2,2',4,4',5,5'-Hexachlorobiphenyl",Reproductive
35622681,71316600,Firemaster 550,Cognitive-Behavioral
35526706,71316600,Firemaster 550,"Neurological, Cognitive-Behavioral"
32272586,71316600,Firemaster 550,Skeletal
33771252,91766,Flufenoxuron,Reproductive
34142587,6033664,Flumethrin,Cancer
34997324,6853,Fluorene,Cardio-vascular
35987080,76716,Fluorene-9-bisphenol,Reproductive
33902598,91677,Fluorochloridone,Cell damage
26391064,3386,fluoxetine,Cognitive-Behavioral
18929547,3386,fluoxetine,Reproductive
36198363,3386,fluoxetine,Reproductive
33032228,3386,flusilazole,Reproductive
35878261,47936,Forskolin,Pregnancy
32174189,8029,furan,Reproductive
35041916,5280961,Genistein,Digestive
33221288,5280961,genistein,"Genetic, Metabolic, Cognitive-Behavioral"
16214947,5280961,genistein,Reproductive
34942354,5280961,genistein,Reproductive
32827888,5280961,genistein,Reproductive
32533902,5280961,genistein,"Reproductive, Immune"
34357343,5280961,Genistein,"Reproductive, Metabolic"
35648594,4510,Glyceryl trinitrate,Reproductive
35457321,3496,glyphosate,Cancer
36379430,3496,Glyphosate,Cancer
35158254,3496,Glyphosate,Cell damage
34813928,3496,glyphosate,"Genetic, Reproductive"
24930125,3496,glyphosate,"Genetic, Reproductive"
35377194,3496,Glyphosate,Genomic
34339697,3496,glyphosate,Pregnancy
33812205,3496,glyphosate,Reproductive
32315717,3496,Glyphosate,Reproductive
35963408,3496,Glyphosate,"Respiratory, Immune"
33283869,3503,Gossypol,Neurological
3745012,227456,gossypol acetate,Reproductive
34051689,3589,heptachlor,Cancer
34051689,13930,heptachlor epoxide,Cancer
34875267,6905,hexabromobenzene,Metabolic
32526215,6905,hexachlorobenzene,Cancer
33059283,6905,Hexachlorobenzene,Metabolic
33002787,6905,hexachlorobenzene,Reproductive
36060944,6905,hexachlorobenzene,Reproductive
35181438,6905,hexachlorobenzene,Reproductive
34374107,6905,hexachlorobenzene,Reproductive
33108645,6905,Hexachlorobenzene,"Thyroid, Reproductive"
33440917,727,hexachlorocyclohexane,Metabolic
33002787,727,hexachlorocyclohexane,Reproductive
6420937,2123,hexamethylmelamine,Metabolic
32679048,29131,hexavalent chromium,Reproductive
34688002,37888330,hexaconazole,Metabolic
36410587,37175,imazalil,"Reproductive, Genetic"
35457321,86287518,imidacloprid,Cancer
35191592,86287518,imidacloprid,Reproductive
34453833,5240,Iodoacetic acid,Reproductive
35725088,5240,Iodoacetic acid,Reproductive
35470848,5240,iodoacetic acid,Reproductive
34060014,37517,Iprodione,Reproductive
35648594,27661,isosorbide mononitrate,Reproductive
35628239,3823,ketoconazole,Cell damage
36374910,3823,Ketoconazole,Reproductive
32199167,23926,Lanthanum,Thyroid
35014224,472398550,Lavender Oil,Reproductive
36472806,5352425,lead,Cancer
33779718,5352425,Lead,Cognitive-Behavioral
9490329,5352425,lead,Developmental
9652547,5352425,lead,Developmental
33691159,5352425,lead,Hepatic
35104782,5352425,lead,Hepatic
33691221,5352425,lead,Metabolic
33321388,5352425,Lead,Pregnancy
35038334,5352425,Lead,Reproductive
35926607,5352425,lead,Reproductive
32004626,5352425,Lead,Reproductive
33223335,5352425,lead,Thyroid
35418943,3902,letrozole,Reproductive
32739526,727,lindane,Reproductive
32739526,727,lindane,Reproductive
36410587,9502,linuron,"Reproductive, Genetic"
3092989,3028194,lithium,Reproductive
31994228,433294,lithium chloride,"Thyroid, Methabolic, Neurological"
34498184,53788342,maize oil,Reproductive
32446389,13307026,Mancozeb,Pregnancy
21266532,13307026,mancozeb,Thyroid
33321388,23930,Manganese,Pregnancy
31711775,23930,manganese,Reproductive
21558144,23931,mercury,"Inflammation, Genetic"
36088992,23931,mercury,Metabolic
34314978,23931,Mercury,Metabolic
33249372,23931,mercury,Metabolic
33367618,23931,mercury,Reproductive
35932513,NA,mesquite pod extract,Reproductive
36277366,4115,methoxychlor,Cell damage
32739526,4115,methoxychlor,Reproductive
33013709,4115,Methoxychlor,Reproductive
35174924,7456,methyl paraben,Cancer
35581467,7456,methyl paraben,Cancer
35508231,7456,methyl paraben,Developmental
32019002,7456,methyl paraben,Metabolic
33014082,7456,methyl paraben,Metabolic
32042059,7456,methyl paraben,"Metabolic, Pregnancy"
32585503,7456,methyl paraben,Skeletal
35131586,15413,Methyl tert-butyl ether,Reproductive
32106432,6860,methylmercury,Thyroid
35975911,7456,Methylparaben,Cancer
34952328,7456,Methylparaben,Cardio-vascular
36277366,7456,methylparaben,Cell damage
33683593,7456,Methylparaben,Developmental
34606965,7456,Methylparaben,Immune
33477047,7456,methylparaben,Reproductive
33069703,7456,methylparaben,Reproductive
33358972,7456,methylparaben,"Reproductive, Cell damage"
32283359,7456,Methylparaben,"Thyroid, Birth defect, Cognitive"
35628239,4189,miconazole,Cell damage
9021355,55245,mifepristone,Reproductive
1331167,55245,mifepristone,Reproductive
33239073,23932,Molybdenum,Reproductive
34792101,8343,di(2-ethylhexyl) phthalate,Cell damage
33161305,8343,di(2-ethylhexyl) phthalate,Cell damage
35143864,8343,di(2-ethylhexyl) phthalate,Hepatic
35511700,6782,diisobutyl phthalate,Skeletal
34425642,3026,di-n-butyl phthalate,Metabolic
35511700,3026,di-n-butyl phthalate,Skeletal
34425642,220773,dibenzyl phthalate,Metabolic
33921744,3026,dibutyl phthalate,Thyroid
33249040,8343,diethylhexyl phthalate,Reproductive
34284018,22286931,N-methyl perfluorooctane sulfonamido acetic acid,Pregnancy
34997324,931,Naphthalene,Cardio-vascular
35700788,931,naphthalene,Metabolic
35895514,931,Naphthalene,Reproductive
36088992,935,nickel,Metabolic
33321388,935,Nickel,Pregnancy
32901497,935,nickel,Reproductive
29486207,89594,nicotine,Pregnancy
34740714,89594,Nicotine,"Digestive, Neurological"
17322582,89594,nicotine,Reproductive
32512292,1752,nonylphenol,Respiratory
34974051,1752,Nonylphenol,Cancer
34746152,1752,Nonylphenol,Cancer
36074022,1752,Nonylphenol,Cancer
33396729,1752,Nonylphenol,Cell damage
33836420,1752,Nonylphenol,Cell damage
35782637,1752,nonylphenol,Cell damage
34102488,1752,nonylphenol,"Cognitive-Behavioral, Neurological"
34046258,1752,nonylphenol,"Cognitive-Behavioral, Neurological"
33906686,1752,Nonylphenol,Hepatic
34282716,1752,nonylphenol,Hepatic
35803419,1752,nonylphenol,"Hepatic, Cell damage"
35998786,1752,nonylphenol,Inflammation
35777343,1752,Nonylphenol,Metabolic
35355194,1752,Nonylphenol,Neurological
35274207,1752,nonylphenol,Pregnancy
31835084,1752,nonylphenol,Reproductive
35439602,1752,Nonylphenol,Reproductive
33848019,1752,nonylphenol,Reproductive
34995913,1752,nonylphenol,Reproductive
9798737,1752,nonylphenol,Reproductive
32815738,1752,nonylphenol,"Reproductive, Cell damage"
34464681,1752,nonylphenol,Thyroid
34884750,11169,Octamethylcyclotetrasiloxane,"Neurological, Cell Damage, Cognitive-Behavioral"
32082254,11044481,Octyl Methoxy Cinnamate,"Thyroid, Immune"
33789217,11044481,octylmethoxycinnamate,Cardio-vascular
33530401,11044481,Octylmethoxycinnamate,Cardio-vascular
36277366,13700,octylphenol,Cell damage
33207735,727,Œ≤-hexachlorocyclohexane,Cell damage
32213410,139103197,organotin,"Reproductive, Metabolic, Pregnancy"
918353,971,oxalic acid,"Reproductive, Developmental"
35669359,4632,oxybenzone,Reproductive
35803990,33772,Oxychlordane,Hepatic
35934697,17760989,oxypyrimidine,Cardio-vascular
33440917,3035,"p,p'-dichloro-diphenyl-dichloroethylene",Metabolic
32409013,3035,"p,p'-dichlorodiphenyldichloroethylene",Digestive
32559636,3035,"p,p'-dichlorodiphenyldichloroethylene",Reproductive
34051689,3035,"p,p'-Dichlorodiphenyltrichloroethane",Cancer
33002787,3035,"p,p'-dichlorodiphenyltrichloroethane",Reproductive
35934697,980,para-nitrophenol,Cardio-vascular
36253940,1983,Paracetamol,Reproductive
17593412,4685,paradichlorobenzene,Reproductive
34601176,6800,pentabromoethylbenzene,Thyroid
34173948,992,pentachlorophenol,Cancer
35364152,992,Pentachlorophenol,Metabolic
19082768,992,pentachlorophenol,Thyroid
36085159,9555,perfluoro-n-decanoic acid,Cancer
35813651,9554,perfluoro-octanoic acid,Thyroid
32474218,23678450,Perfluorobutane sulfonate,"Adrenal, Reproductive"
32717645,67815,perfluorobutanesulfonic acid,"Pregnancy, Metabolic"
33740056,21895380,perfluorodecanoate sulfonate,Metabolic
33068574,9555,Perfluorodecanoic acid,Cancer
34293563,9555,perfluorodecanoic acid,Cancer
34284018,9555,perfluorodecanoic acid,Pregnancy
32069767,9555,perfluorodecanoic acid,Reproductive
35318009,9555,perfluorodecanoic acid,Reproductive
36061407,9555,Perfluorodecanoic acid,Reproductive
34818773,9555,perfluorodecanoic acid,Reproductive
35914335,9555,perfluorodecanoic acid,Skeletal
32368952,9555,perfluorodecanoic acid,Thyroid
35074350,9555,perfluorodecanoic acid ,Metabolic
34293563,67545,perfluorododecanoic acid,Cancer
35217143,67545,perfluorododecanoic acid,Genetic
32717645,67545,perfluorododecanoic acid,"Pregnancy, Metabolic"
32474218,67734,perfluorohexane sulfonate,"Adrenal, Reproductive"
33068574,67734,Perfluorohexane sulfonate,Cancer
33740056,67734,perfluorohexane sulfonate,Metabolic
33387635,67734,perfluorohexane sulfonate,Metabolic
32319790,67734,perfluorohexane sulfonate,Pregnancy
36061407,67734,Perfluorohexane sulfonate,Reproductive
34460931,67734,Perfluorohexane Sulfonate,Thyroid
21310403,67734,perfluorohexane sulfonate,Thyroid
32060323,67734,perfluorohexane sulfonate,Thyroid
33736417,67734,Perfluorohexane sulfonate,"Thyroid, Immune"
34284018,67734,perfluorohexane sulfonic acid,Pregnancy
32069767,67734,Perfluorohexane sulfonic acid,Reproductive
34391986,67734,perfluorohexane sulfonic acid,Reproductive
35318009,67734,perfluorohexane sulfonic acid,Reproductive
35914335,67734,perfluorohexane sulfonic acid,Skeletal
32368952,67734,perfluorohexane sulfonic acid,Thyroid
33208860,67734,perfluorohexanesulfonic acid,Developmental
36137419,67734,perfluorohexanesulfonic acid,Pregnancy
34293563,67542,Perfluorohexanoic acid,Cancer
35292812,3781988,perfluorononanoate,Reproductive
33740056,3781988,perfluorononanoate sulfonate,Metabolic
35074350,67821,perfluorononanoic acid,Metabolic
36137419,67821,perfluorononanoic acid,Pregnancy
32069767,67821,perfluorononanoic acid,Reproductive
36061407,67821,Perfluorononanoic acid,Reproductive
34818773,67821,perfluorononanoic acid,Reproductive
35914335,67821,perfluorononanoic acid,Skeletal
33316920,67821,perfluorononanoic acid,Thyroid
32474218,74483,perfluorooctane sulfonate,"Adrenal, Reproductive"
34732098,74483,Perfluorooctane sulfonate,Cancer
36006114,74483,Perfluorooctane Sulfonate,Cell damage
20136073,74483,Perfluorooctane sulfonate,"Genetic, Neurological"
33740056,74483,perfluorooctane sulfonate,Metabolic
35292812,74483,perfluorooctane sulfonate,Reproductive
35511700,74483,perfluorooctane sulfonate,Skeletal
21310403,74483,perfluorooctane sulfonate,Thyroid
33068574,74483,Perfluorooctane sulfonic acid,Cancer
33631604,74483,perfluorooctane sulfonic acid,Cardio-vascular
32409013,74483,Perfluorooctane sulfonic acid,Digestive
32436946,74483,perfluorooctane sulfonic acid,Pregnancy
34284018,74483,perfluorooctane sulfonic acid,Pregnancy
32069767,74483,perfluorooctane sulfonic acid,Reproductive
32491182,74483,perfluorooctane sulfonic acid,Reproductive
36061407,74483,Perfluorooctane sulfonic acid,Reproductive
35914335,74483,perfluorooctane sulfonic acid,Skeletal
32368952,74483,perfluorooctane sulfonic acid,Thyroid
32621861,74483,Perfluorooctane sulfonic acid,Thyroid
25449418,74483,perfluorooctane sulfuric acid,"Pregnancy, Developmental"
35280584,74483,Perfluorooctane sulphonate,Reproductive
32348926,74483,perfluorooctanesulfonic acid,Cell damage
33208860,74483,perfluorooctanesulfonic acid,Developmental
35460815,74483,Perfluorooctanesulfonic acid,Genetic
36113621,74483,perfluorooctanesulfonic acid,Immune
35457000,74483,perfluorooctanesulfonic acid,Metabolic
36289510,74483,perfluorooctanesulfonic acid,Metabolic
34391986,74483,perfluorooctanesulfonic acid,Reproductive
36060944,74483,perfluorooctanesulfonic acid,Reproductive
33316920,74483,perfluorooctanesulfonic acid,Thyroid
35292812,4986139,perfluorooctanoate,Reproductive
35511700,4986139,perfluorooctanoate,Skeletal
21310403,4986139,perfluorooctanoate acid,Thyroid
32474218,9554,perfluorooctanoic acid,"Adrenal, Reproductive"
36085159,9554,Perfluorooctanoic acid,Cancer
33068574,9554,Perfluorooctanoic acid,Cancer
35887249,9554,Perfluorooctanoic acid,Cancer
35952751,9554,perfluorooctanoic acid,"Cardio-vascular, Metabolic"
32348926,9554,Perfluorooctanoic acid,Cell damage
36336871,9554,perfluorooctanoic acid,Cell damage
36105436,9554,perfluorooctanoic acid,Cognitive-Behavioral
33208860,9554,perfluorooctanoic acid,Developmental
32409013,9554,perfluorooctanoic acid,Digestive
35217143,9554,perfluorooctanoic acid,Genetic
36214631,9554,Perfluorooctanoic acid,"Genetic, Reproductive"
35438966,9554,Perfluorooctanoic Acid,"Genetic, Reproductive"
36115532,9554,perfluorooctanoic acid,Hepatic
32892005,9554,perfluorooctanoic acid,Metabolic
36289510,9554,perfluorooctanoic acid,Metabolic
35074350,9554,perfluorooctanoic acid,Metabolic
32319790,9554,perfluorooctanoic Acid,Pregnancy
35427876,9554,Perfluorooctanoic acid,"Pregnancy, Cell damage"
32069767,9554,perfluorooctanoic acid,Reproductive
32491182,9554,perfluorooctanoic acid,Reproductive
35318009,9554,Perfluorooctanoic acid,Reproductive
36061407,9554,Perfluorooctanoic acid,Reproductive
34774353,9554,perfluorooctanoic acid,Reproductive
33871176,9554,Perfluorooctanoic acid,"Reproductive, Genetic"
35163327,9554,perfluorooctanoic acid,"Reproductive,Tumors"
35914335,9554,perfluorooctanoic acid,Skeletal
32368952,9554,perfluorooctanoic acid,Thyroid
33736417,9554,Perfluorooctanoic Acid,"Thyroid, Immune"
34284018,9554,perfluoropentanoic acid,Pregnancy
36137419,77222,perfluoroundecanoic acid,Pregnancy
34818773,77222,perfluoroundecanoic acid,Reproductive
34454360,9555,perfluorodecanoic acid,Pregnancy
35434465,40326,permethrin,Metabolic
35700788,995,phenanthrene,Metabolic
36440232,995,Phenanthrene,Reproductive
35895514,995,phenanthrene,Reproductive
34090074,995,phenanthrene,Reproductive
32474218,22568738,polyfluorinated ether sulfonate,"Adrenal, Reproductive"
36174316,3016060,Polystyrene,Reproductive
34055310,3016060,polystyrene,Thyroid
33423197,24502,potassium dichromate,"Thyroid, Cell Damage, Genetic"
16214947,36242,procymidone,Reproductive
34902777,36242,procymidone,"Reproductive, Genetic"
34688002,43234,propiconazole,Metabolic
35581467,7175,Propyl paraben,Cancer
32019002,7175,propyl paraben,Metabolic
32325494,7175,propyl paraben,Reproductive
31939680,7175,propylparaben,Cancer
35975911,7175,propylparaben,Cancer
35690089,7175,propylparaben,Cardio-vascular
33227247,7175,propylparaben,Cardio-vascular
36277366,7175,propylparaben,Cell damage
32795877,7175,propylparaben,Cognitive-Behavioral
33683593,7175,propylparaben,Developmental
33014082,7175,propylparaben,Metabolic
32042059,7175,propylparaben,"Metabolic, Pregnancy"
34101200,7175,propylparaben,Pregnancy
33477047,7175,propylparaben,Reproductive
33957517,7175,propylparaben,Reproductive
34365652,7175,Propylparaben,Reproductive
33724348,7175,Propylparaben,Reproductive
35325608,7175,propylparaben,Reproductive
31306770,7175,Propylparaben,Reproductive
33358972,7175,propylparaben,"Reproductive, Cell damage"
32585503,7175,propylparaben,Skeletal
32521303,7175,propylparaben,Thyroid
36332113,6451142,Prothioconazole,Reproductive
34997324,31423,Pyrene,Metabolic
35700788,31423,pyrene,Metabolic
36356884,162381,pyrethroids,Reproductive
11855907,445154,Resveratrol,Reproductive
34345844,446157,rosuvastatin,Reproductive
31699096,24261,Silicon dioxide,Metabolic
23762632,5216,simazine,Cancer
7932848,5216,simazine,Reproductive
29593849,517055,sodium benzoate,Reproductive
33980773,101233334,sodium p-perfluorous nonenoxybenzene sulfonate,"Reproductive, Metabolic"
32957897,16760703,sodium valproate,"Adrenal, Cogntitive-Behavioral"
35963426,5281708,soy isoflavone,Reproductive
36017706,5281708,soy isoflavone,Thyroid
32368225,5281708,soy isoflavones,Reproductive
33359182,5833,spironolactone,"Metabolic, Reproductive"
36285149,7501,Styrene,Reproductive
34498184,472397940,Sunflower oil,Reproductive
36012044,164825,tartrazine,Reproductive
34688002,86102,tebuconazole,Metabolic
33049508,86102,Tebuconazole,Reproductive
34382084,5392,Temephos,Reproductive
35321852,6618,Tetrabromobisphenol A,Cardio-vascular
36136495,6618,Tetrabromobisphenol a,Cardio-vascular
31927367,6618,tetrabromobisphenol A,Cell damage
34781130,6618,tetrabromobisphenol A,Pregnancy
35802331,6618,tetrabromobisphenol A,Thyroid
31129411,20472541,tetrabromoethylcyclohexane,Neurological
33582643,6619,tetrachlorobisphenol A,Cancer
35914601,6619,Tetrachlorobisphenol A,Reproductive
33254397,6619,Tetrachlorobisphenol A,"Reproductive, Immune"
32527427,8305,tetradifon,Metabolic
33866271,21258697,tetramethyl bisphenol F,Cell damage
34141841,21258697,tetramethyl bisphenol F,Cell damage
34069744,21258697,tetramethyl bisphenol F,Metabolic
34684681,21258697,tetramethyl bisphenol F,Skeletal
34181816,5821911,Thiamethoxam,"Metabolic, Cell damage, Reproductive"
34314978,5352426,tin,Metabolic
35588816,23687327,Tolyltriazole,Reproductive
33822518,656612,Transfluthrin,Cell damage
35089383,18725,tri-(2-ethylhexyl) trimellitate,Reproductive
33049558,31357,tri-n-butyl phosphate,Cancer
32234386,6527,tri-o-cresyl phosphate,Cancer
34508824,39385,Triadimefon,Adrenal
862425,6436,triamcinolone acetonide,Reproductive
33962613,3032732,Tributyltin,Cardio-vascular
36073672,3032732,tributyltin,"Cognitive-Behavioral, Neurological"
15603928,3032732,tributyltin,Genetic
34455191,3032732,tributyltin,Metabolic
36382567,3032732,tributyltin,Cell damage
34207679,3032732,tributyltin,Neurological
32239163,3032732,Tributyltin,Reproductive
32783468,3032732,Tributyltin,Reproductive
35430282,3032732,Tributyltin,Reproductive
36319700,3032732,tributyltin,"Reproductive, Cardio-vascular"
35690288,3032732,tributyltin,Thyroid
35077874,3032732,tributyltin,Thyroid
34902535,15096,Tributyltin chloride,"Cardio-vascular, Reproductive, Metabolic"
35096073,7547,Triclocarban,"Metabolic, Cardio-vascular"
32739526,7547,triclocarban,Reproductive
32739526,7547,triclocarban,Reproductive
36049513,5564,triclosan,Developmental
34160118,5564,Triclosan,Cell damage
36277366,5564,triclosan,Cell damage
36274318,5564,triclosan,Cognitive-Behavioral
32201332,5564,triclosan,Cognitive-Behavioral
32503345,5564,Triclosan,"Cognitive-Behavioral, Neurological"
34736200,5564,triclosan,"Cognitive-Behavioral, Neurological"
33959150,5564,Triclosan,Genetic
36182156,5564,Triclosan,Metabolic
33611912,5564,Triclosan,Metabolic
33097990,5564,Triclosan,Pregnancy
36227336,5564,Triclosan,"Pregnancy, Metabolic"
32084696,5564,triclosan,Reproductive
32739526,5564,triclosan,Reproductive
32739526,5564,triclosan,Reproductive
34166923,5564,Triclosan,Reproductive
33161203,5564,triclosan,Reproductive
36212563,5564,triclosan,Reproductive
32328937,5564,Triclosan,Reproductive
32053938,5564,Triclosan,Reproductive
35480573,5564,Triclosan,Reproductive
35970220,5564,triclosan,"Reproductive, Developmental"
34721297,5564,Triclosan,"Reproductive, Developmental"
31237619,5564,Triclosan,Skeletal
34460931,5564,Triclosan,Thyroid
32653713,5564,triclosan,"Thyroid, Behavioral"
33529899,6529,tricrecyl phosphate,Metabolic
34225124,6529,tricresyl phosphate,Metabolic
35609006,67733,tridecafluorohexyl iodide,Neurological
32278140,6535,triethyl phosphate,Cancer
33628236,6960,Trioctyl trimellitate,Reproductive
32278140,8289,triphenyl phosphate,Cancer
33049558,8289,triphenyl phosphate,Cancer
33529899,8289,triphenyl phosphate,Metabolic
34890987,8289,triphenyl phosphate,Reproductive
15603928,5357402,triphenyltin,Genetic
32504733,12540,Triphenyltin chloride,Adrenal
17619067,6327657,triphenyltin hydroxide,"Pregnancy, Developmental"
22447140,107985,Triptolide,Reproductive
35780845,6455455,Tris (2-chloroethyl) phosphate,Metabolic
34481040,18725,tris (2-ethylhexyl) trimellitate,Metabolic
32278140,76961998,tris (methylphenyl) phosphate,Cancer
33049558,76961998,tris (methylphenyl) phosphate,Cancer
32678732,26177,"tris(1,3-dichloro-2-propyl) phosphate",Reproductive
34890987,26177,"tris(1,3-dichloro-2-propyl) phosphate",Reproductive
34388063,26177,"Tris(1,3-dichloro-2-propyl)phosphate",Respiratory
33529899,26177,"Tris(1,3-dichloro-2-propyl)phosphate",Metabolic
32678732,6540,tris(2-butoxyethyl) phosphate,Reproductive
33529899,8295,tris(2-chloroethyl) phosphate,Metabolic
32278140,26176,tris(2-chloroisopropyl) phosphate,Cancer
35839669,26176,tris(2-chloroisopropyl) phosphate,Reproductive
33529899,22522,tris(2-chloropropyl) phosphate,Metabolic
32278140,6537,tris(2-ethylhexyl) phosphate,Cancer
32004960,93118,Tris(4-hydroxyphenyl)ethane,Reproductive
36235091,6537961,Triticonazole,"Cardio-vascular, Cell damage"
33032228,6537961,triticonazole,Reproductive
36084822,6537961,triticonazole,Reproductive
35955476,23989,Uranium,"Reproductive, Genetic"
35051072,39676,vinclozolin,Cognitive-Behavioral
33928200,39676,vinclozolin,"Genetic, Neurological, Cognitive-behavioral"
33434571,39676,vinclozolin,Hepatic
36084878,39676,vinclozolin,Immune
32692847,39676,vinclozolin,"Neurological, Cognitive-Behavioral"
35595151,39676,vinclozolin,Reproductive
32827888,39676,vinclozolin,Reproductive
32888615,39676,vinclozolin,Reproductive
33093579,39676,vinclozolin,Reproductive
36232623,39676,Vinclozolin,Respiratory
36374910,5281576,zearalenone,Reproductive
26248220,5281576,Zearalenone,Reproductive
33239073,23994,zinc,Reproductive